idx	src	tgt	Perfect(90-100)	Good(70-90)	Fair(51-69)	Poor(30-50)	bad(11-29)	worst(0-10)	Comments	Chatgpt-Translated Hindi (en_hi_gpt_3_5_trans_las_gt_las_gt_0_9_gt_8_words)	human_eval_chatgpt_3.5	Good(70-90).1	Fair(51-69).1	Poor(30-50).1	bad(11-29).1	worst(0-10).1	Comments.1	Ollama-Translated Hindi(en_hi_output_ollama_v3_trans_las_gt_las_gt_0_9_gt_8_words)	human_eval_ollama	Good(70-90).2	Fair(51-69).2	Poor(30-50).2	bad(11-29).2	worst(0-10).2	Comments.2	gpt_p_scores	gpt_r_scores	gpt_f1_scores	ollama_p_scores	ollama_r_scores	ollama_f1_scores	gpt_bleu_scores	ollama_bleu_scores	human_eval_gpt_scores	human_eval_ollama_scores	gpt_4o_trans	gpt_35_meteor_score	gpt_4o_meteor_score	ollama_trans_meteor_score	gpt_4o_f1_score	gpt_4o_bleu_score
2.0	The Congress leader represents Sivaganga Lok Sabha segment from Tamil Nadu.	कांग्रेस नेता तमिलनाडु से शिवगंगा लोकसभा क्षेत्र का प्रतिनिधित्व करते हैं.	100.0							कांग्रेस के नेता तमिलनाडु से सिवगंगा लोकसभा सेगमेंट का प्रतिनिधित्व करते हैं।	90.0						segment left in Hindi	कांग्रेस नेता तमिलनाडु से सिवगंगा लोक सभा सegment का प्रतिनिधित्व करते हैं।	80.0	80.0					segment left in Hindi with partial conversion attempt	0.954	0.9298	0.9417	0.9474	0.9155	0.9312	0.0	0.31	0.9	0.8	कांग्रेस नेता तमिलनाडु के शिवगंगा लोकसभा क्षेत्र का प्रतिनिधित्व करते हैं।	0.625	0.7521527129370266	0.576530612244898	0.9769	0.54
21.0	Fortis Healthcares MD and CEO Dr Ashutosh Raghuvanshi, senior Vice President (Corporate Affairs and CSR) Manu Kapila, SRLs CEO Anand Kumar presented the cheque to Indian Council of Medical Research (ICMR) Director General Prof (DR) Balram Bhargav and senior financial advisor Rajiv Roy	फोर्टिस हेल्थकेयर के एमडी और सीईओ डॉ. आशुतोष रघुवंशी, वरिष्ठ वाइस प्रेसिडेंट (कोरपोरेट मामले एवं सीएसआर) मनु कपिला, एसआरएल के सीईओ आनंद कुमार ने चैक भारतीय चिकित्सा अनुसंधान परिषद (आईसीएमआर) के महानिदेशक प्रोफेसर (डॉ.) बलराम भार्गव और वरिष्ठ वित्त सलाहकार राजीव रॉय को सौंपा	100.0							फोर्टिस हेल्थकेयर के एमडी और सीईओ डॉ। आशुतोष रघुवंशी, सीनियर वाइस प्रेसिडेंट (कॉर्पोरेट अफेयर्स और सीएसआर) मनु कपिला, एसआरएल के सीईओ आनंद कुमार ने भारतीय चिकित्सा अनुसंधान परिषद (आईसीएमआर) के डायरेक्टर जनरल प्रोफेसर (डॉ।) बलराम भारगव और सीनियर वित्तीय सलाहकार राजीव रॉय को चेक प्रस्तुत किया।	95.0						"""""""""""""""""""""""""""""""""""""""""""""""""""""""""""""""""""""""""""""""""""""""""""""""""""""""""""""""""""""""""""""""director general"""""""""""""""""""""""""""""""""""""""""""""""""""""""""""""""" left in Hindi, but is ok"""""""""""""""""""""""""""""""""""""""""""""""""""""""""""""""	फोर्टिस हेल्थकेयर के एमडी और सीईओ डॉ अशुतोष रघुवंशी, सीनियर वाइस प्रेसिडेंट (कॉर्पोरेट अफेयर्स और सीएसआर) मनु कपिला, एसआरएल के सीईओ आनंद कुमार ने चेक इंडियन काउंसिल ऑफ मेडिकल रिसर्च (आईसीएमआर) के निदेशक जनरल प्रोफेसर (डॉक्टर) बलराम भार्गव और सीनियर फाइनेंशियल एडवाइजर राजीव रॉय को प्रस्तुत किया।	80.0	80.0					"""""""""""""""""""""""""""""""""""""""""""""""""""""""""""""""""""""""""""""""""""""""""""""""""""""""""""""""""""""""""""""""senior financial advisor"""""""""""""""""""""""""""""""""""""""""""""""""""""""""""""""" left in Hindi, half translation of """"""""""""""""""""""""""""""""""""""""""""""""""""""""""""""""director general"""""""""""""""""""""""""""""""""""""""""""""""""""""""""""""""""""""""""""""""""""""""""""""""""""""""""""""""""""""""""""""""	0.9163	0.9147	0.9155	0.8678	0.8551	0.8614	0.5	0.43	0.95	0.8	फोर्टिस हेल्थकेयर के प्रबंध निदेशक और सीईओ डॉ. अशुतोष रघुवंशी, वरिष्ठ उपाध्यक्ष (कॉर्पोरेट अफेयर्स और सीएसआर) मनु कापिला, एसआरएल के सीईओ आनंद कुमार ने भारतीय चिकित्सा अनुसंधान परिषद (ICMR) के महानिदेशक प्रोफेसर (डॉ) बलराम भार्गव और वरिष्ठ वित्तीय सलाहकार राजीव रॉय को चेक प्रदान किया।	0.7330381944444444	0.7497411152973319	0.655942641655827	0.8907	0.47
66.0	Odisha Chief Minister Naveen Patnaik held discussion with ArcelorMittal Group Chairman Lakshmi Mittal on investment in the state via video conferencing.	ओडिशा के मुख्यमंत्री नवीन पटनायक ने आर्सेलरमित्तल समूह के चेयरमैन लक्ष्मी मित्तल से राज्य में निवेश पर वीडियो कॉन्फ्रें सिंग के जरिए चर्चा की।	100.0							उड़ीसा मुख्यमंत्री नवीन पटनायक ने आर्सेलरमिटल ग्रुप चेयरमैन लक्ष्मी मित्तल के साथ राज्य में निवेश पर वीडियो कॉन्फ्रेंसिंग के माध्यम से चर्चा की।	90.0						ke missed at two places	ओडिशा के मुख्यमंत्री नवीन पटनायक ने वीडियो कॉन्फ्रेंसिंग के माध्यम से आर्सेलर मित्तल ग्रुप के अध्यक्ष लक्ष्मी मित्तल के साथ राज्य में निवेश पर चर्चा की।	100.0							0.9027	0.9024	0.9026	0.8895	0.8979	0.8936	0.33	0.33	0.9	1.0	ओडिशा के मुख्यमंत्री नवीन पटनायक ने अरसेलर मित्तल समूह के अध्यक्ष लक्ष्मी मित्तल के साथ राज्य में निवेश पर वीडियो कॉन्फ्रेंसिंग के माध्यम से चर्चा की।	0.6864675478855091	0.7278908449898125	0.6800326497296194	0.9101	0.39
85.0	He was later taken to a hospital and treated.	बाद में उसे अस्पताल ले जाया गया और इलाज किया गया।	100.0							उसे बाद में एक अस्पताल ले जाया गया और उसका इलाज किया गया।	100.0							वह बाद में एक अस्पताल ले जाया गया और इलाज किया गया।	65.0		65.0				Missing pronoun second time, unusual sentence construction  	0.9653	0.9513	0.9582	0.9674	0.9611	0.9643	0.44	0.67	1.0	0.65	उसे बाद में अस्पताल ले जाया गया और उसका इलाज किया गया।	0.9585301062573792	0.967165512620058	0.8972972972972975	0.9701	0.48
103.0	The Prime Minister, Shri Narendra Modi interacted with Karnataka Chief Minister, Shri B S Yediyurappa on the rainfall and flood situation in various parts of Karnataka.	प्रधानमंत्री श्री नरेन्द्र मोदी ने कर्नाटक के मुख्यमंत्री श्री बी एस येदियुरप्पा के साथ राज्य के विभिन्न हिस्सों में बारिश और बाढ़ की स्थिति पर बातचीत की।	100.0							प्रधानमंत्री श्री नरेंद्र मोदी ने कर्नाटक के मुख्यमंत्री श्री बी एस येदियुरप्पा से बातचीत की जिसमें कर्नाटक के विभिन्न हिस्सों में वर्षा और बाढ़ की स्थिति पर चर्चा की।	85.0	85.0					Double mention of discussion, unusual sentence construction 	प्रधानमंत्री श्री नरेंद्र मोदी ने कर्नाटक के मुख्यमंत्री श्री बी एस येदियुरप्पा से कर्नाटक के विभिन्न हिस्सों में बारिश और बाढ़ की स्थिति पर बातचीत की।	100.0							0.9573	0.9497	0.9534	0.9786	0.9821	0.9803	0.51	0.73	0.85	1.0	प्रधानमंत्री श्री नरेंद्र मोदी ने कर्नाटक के मुख्यमंत्री श्री बी.एस. येदियुरप्पा से कर्नाटक के विभिन्न हिस्सों में वर्षा और बाढ़ की स्थिति पर बातचीत की।	0.7811360597958191	0.7197026022304832	0.847429041257616	0.9646	0.53
108.0	Auto Expo is co-organised by the Society of Indian Automobile Manufacturers (SIAM), the Confederation of Indian Industry (CII) and the Automotive Component Manufacturers Association of India (ACMA).	सोसायटी ऑफ इंडियन ऑटोमोबाइल मैन्‍यूफैक्‍चरर्स (सियाम) इस ऑटो एक्‍सपो का आयोजन ऑटोमोटिव कम्‍पोनेंट मैन्‍यूफैक्‍चरर्स एसोसिएशन ऑफ इंडिया (एकमा) और कन्‍फेडरेशन ऑफ इंडियन इंडस्‍ट्री (सीआईओ) के साथ मिलकर कर रही है।	90.0						Made one organization look more prominent	ऑटो एक्सपो का संचालन भारतीय ऑटोमोबाइल निर्माता संघ (एसआईएम), भारतीय उद्योग संघ (सीआईआई) और भारत के ऑटोमोटिव कॉम्पोनेंट निर्माताओं के संघ (एसीएमए) द्वारा संयुक्त रूप से किया जाता है।	95.0						Translated every organization name into sangh	ऑटो एक्सपो सोसायटी ऑफ इंडियन ऑटोमोबाइल मैन्युफैक्चरर्स (एसआईएएम), कॉन्फेडरेशन ऑफ इंडियन इंडस्ट्री (सीआईआई) और ऑटोमोटिव कंपोनेंट मैन्युफैक्चरर्स एसोसिएशन ऑफ इंडिया (एसीएमए) द्वारा संयुक्त रूप से आयोजित किया जाता है।	95.0						Lacks clarity in the beginning (long dependency).	0.7246	0.7998	0.7604	0.8609	0.8651	0.863	0.0	0.17	0.95	0.95	ऑटो एक्सपो का सह-आयोजन भारतीय वाहन निर्माता सोसाइटी (SIAM), भारतीय उद्योग परिसंघ (CII) और भारतीय ऑटोमोटिव कंपोनेंट निर्माता संघ (ACMA) द्वारा किया जाता है।	0.2190992767915844	0.1934582702828541	0.3979301323484148	0.7402	0.0
126.0	He was speaking on the occasion of inauguration of National Conference on 'Ushering Second Green Revolution in Indian Agriculture through Public-Private Partnership' organized by the Ministry of Agriculture in collaboration with the Confederation of Indian Industry (CII) today (December 11, 2012) at Vigyan Bhawan, New Delhi.	वह आज (11 दिसम्बर, 2012) विज्ञान भवन, नई दिल्ली में भारतीय उद्योग परिसंघ के सहयोग से कृषि मंत्रालय द्वारा आयोजित सार्वजनिक-निजी साझीदारी के माध्यम से भारतीय कृषि में दूसरी हरित क्रांति पर राष्ट्रीय सम्मेलन के उद्घाटन के अवसर पर बोल रहे थे।	90.0						"""""""""""""""""""""""""""""""""""""""""""""""""""""""""""""""skipped """"""""""""""""""""""""""""""""""""""""""""""""""""""""""""""""ushering"""""""""""""""""""""""""""""""""""""""""""""""""""""""""""""""""""""""""""""""""""""""""""""""""""""""""""""""""""""""""""""""	उसने आज (11 दिसंबर, 2012) विज्ञान भवन, नई दिल्ली में संयुक्त राज्यों के सहयोग से कृषि मंत्रालय द्वारा आयोजित 'भारतीय कृषि में सार्वजनिक-निजी साझेदारी के माध्यम से द्वितीय हरित क्रांति की शुरुआत' राष्ट्रीय सम्मेलन के उद्घाटन समारोह पर बोला।	80.0	80.0					Incorrect translation of organization, unusual sentence	वह राष्ट्रीय सम्मेलन के उद्घाटन अवसर पर बोल रहे थे, जिसका शीर्षक 'भारतीय कृषि में दूसरी हरित क्रांति लाने के लिए सार्वजनिक-निजी साझेदारी' है, जिसका आयोजन कृषि मंत्रालय ने भारतीय उद्योग परिसंघ (सीआईआई) के सहयोग से आज (11 दिसंबर, 2012) विज्ञान भवन, नई दिल्ली में किया था।	85.0	85.0					"""""""""""""""""""""""""""""""""""""""""""""""""""""""""""""""missing ke, unusual sentence, missed """"""""""""""""""""""""""""""""""""""""""""""""""""""""""""""""ushering"""""""""""""""""""""""""""""""""""""""""""""""""""""""""""""""" """""""""""""""""""""""""""""""""""""""""""""""""""""""""""""""	0.9029	0.901	0.9019	0.8822	0.8269	0.8537	0.43	0.37	0.8	0.85	वह आज (11 दिसंबर, 2012) नई दिल्ली के विज्ञान भवन में कृषि मंत्रालय द्वारा भारतीय उद्योग परिसंघ (CII) के सहयोग से आयोजित 'सार्वजनिक-निजी भागीदारी के माध्यम से भारतीय कृषि में दूसरी हरित क्रांति लाना' विषय पर राष्ट्रीय सम्मेलन के उद्घाटन के अवसर पर बोल रहे थे।	0.6969776993544078	0.897052981934792	0.7137495560632074	0.9313	0.52
127.0	Later this report was also circulated widely in social media.	बाद में इस रिपोर्ट को सोशल मीडिया में भी व्यापक रूप से प्रसारित किया गया।	100.0							बाद में यह रिपोर्ट सोशल मीडिया में भी व्यापक रूप से फैलाई गई।	100.0							इस रिपोर्ट को बाद में सोशल मीडिया में व्यापक रूप से प्रसारित किया गया।	100.0							0.9153	0.9389	0.9269	0.975	0.9836	0.9793	0.46	0.53	1.0	1.0	बाद में यह रिपोर्ट सोशल मीडिया में भी व्यापक रूप से प्रसारित की गई।	0.666554054054054	0.7307670974541015	0.9286399123407754	0.9722	0.54
156.0	The exhibition will be open from December 22 - 31, 2015 (11:00 A.M- 8:00 P.M) on all days.	इस प्रदर्शनी का शुभारंभ 22 से 31 दिसम्‍बर, 2015 तक सभी दिवसों में सुबह 11 बजे से सांय 8 बजे तक होगा।	90.0						"""""""""""""""""""""""""""""""""""""""""""""""""""""""""""""""""""""""""""""""""""""""""""""""""""""""""""""""""""""""""""""""open"""""""""""""""""""""""""""""""""""""""""""""""""""""""""""""""" mistranslated"""""""""""""""""""""""""""""""""""""""""""""""""""""""""""""""	प्रदर्शनी 22 दिसंबर से 31 दिसंबर, 2015 (11:00 बजे सुबह से 8:00 बजे शाम) तक सभी दिनों के लिए खुली रहेगी।	98.0							22 दिसंबर से 31 दिसंबर, 2015 तक प्रतिदिन सुबह 11:00 बजे से शाम 8:00 बजे तक प्रदर्शनी खुली रहेगी।	100.0							0.8221	0.8128	0.8174	0.816	0.8206	0.8183	0.0	0.0	0.98	1.0	प्रदर्शनी 22 दिसंबर - 31 दिसंबर, 2015 (सुबह 11:00 बजे से रात 8:00 बजे तक) सभी दिनों में खुली रहेगी।	0.3691678691678691	0.4116847826086956	0.4761686245717081	0.8295	0.0
202.0	The military officers were waiting with a car for Gandhiji.	सैन्य अधिकारी एक गाड़ी लेकर गांधीजी की प्रतीक्षा कर रहे थे।	100.0							सैन्य अधिकारी गांधीजी के लिए एक कार के साथ इंतजार कर रहे थे।	100.0							सैन्य अधिकारी गांधीजी के लिए एक कार के साथ प्रतीक्षा कर रहे थे।	100.0							0.8777	0.8824	0.88	0.9156	0.9099	0.9127	0.0	0.25	1.0	1.0	सैन्य अधिकारी गांधीजी के लिए एक कार के साथ इंतजार कर रहे थे।	0.5666909620991254	0.5666909620991254	0.6696428571428572	0.8800	0.0
211.0	After completing a Masters from the Delhi School of Social Work, Nandita Das started teaching.	दिल्ली स्कूल ऑफ सोशल वर्क से मास्टर्स पूरा करने के बाद, नंदिता दास ने पढ़ाना शुरू किया।	100.0							दिल्ली स्कूल ऑफ सोशल वर्क से मास्टर्स पूरा करने के बाद, नंदिता दास ने शिक्षा देना शुरू किया।	75.0	75.0					"""""""""""""""""""""""""""""""""""""""""""""""""""""""""""""""""""""""""""""""""""""""""""""""""""""""""""""""""""""""""""""""teaching"""""""""""""""""""""""""""""""""""""""""""""""""""""""""""""""" poorly translated"""""""""""""""""""""""""""""""""""""""""""""""""""""""""""""""	दिल्ली स्कूल ऑफ सोशल वर्क से मास्टर्स पूरा करने के बाद, नंदिता दास ने शिक्षण शुरू कर दिया।	75.0	75.0					"""""""""""""""""""""""""""""""""""""""""""""""""""""""""""""""""""""""""""""""""""""""""""""""""""""""""""""""""""""""""""""""teaching"""""""""""""""""""""""""""""""""""""""""""""""""""""""""""""""" poorly translated"""""""""""""""""""""""""""""""""""""""""""""""""""""""""""""""	0.9818	0.9801	0.981	0.9727	0.9793	0.976	0.81	0.78	0.75	0.75	दिल्ली स्कूल ऑफ सोशल वर्क से मास्टर्स पूरा करने के बाद, नंदिता दास ने पढ़ाना शुरू किया।	0.9384618325718328	0.99991426611797	0.8831146408839777	1.	1.0
223.0	As per the FICCI-EY Media and Entertainment Repot 2019, the size of the Industry has increased from Rs91,810 crore in 2013 to Rs 1,67,500 crore in 2018, a growth of 82.44 per cent in the last 5 years.	फिक्की-ईवाई मीडिया और मनोरंजन रिपोर्ट, 2019 के अनुसार इस उद्योग का आकार 2013 में 91,810 करोड़ रुपये से 2018 में 1,67,500 करोड़ रुपये तक बढ़ गया है। पिछले पांच वर्षों में 82.44 प्रतिशत की वृद्धि हुई है।	95.0						Made two sentences.	फिक्की-ईवाई मीडिया और मनोरंजन रिपोर्ट 2019 के अनुसार, इंडस्ट्री का आकार 2013 में 91,810 करोड़ से बढ़कर 2018 में 1,67,500 करोड़ रुपये तक बढ़ गया है, पिछले 5 वर्षों में 82.44 प्रतिशत की वृद्धि हुई है।	98.0						"""""""""""""""""""""""""""""""""""""""""""""""""""""""""""""""""""""""""""""""""""""""""""""""""""""""""""""""""""""""""""""""the industry"""""""""""""""""""""""""""""""""""""""""""""""""""""""""""""""" not """"""""""""""""""""""""""""""""""""""""""""""""""""""""""""""""industry"""""""""""""""""""""""""""""""""""""""""""""""""""""""""""""""""""""""""""""""""""""""""""""""""""""""""""""""""""""""""""""""	एफआईसीसी-ईवाई मीडिया और एंटरटेनमेंट रिपोर्ट 2019 के अनुसार, उद्योग का आकार 2013 में 91,810 करोड़ रुपये से बढ़कर 2018 में 1,67,500 करोड़ रुपये हो गया, पिछले 5 वर्षों में 82.44 प्रतिशत की वृद्धि हुई।	98.0						"""""""""""""""""""""""""""""""""""""""""""""""""""""""""""""""""""""""""""""""""""""""""""""""""""""""""""""""""""""""""""""""the industry"""""""""""""""""""""""""""""""""""""""""""""""""""""""""""""""" not """"""""""""""""""""""""""""""""""""""""""""""""""""""""""""""""industry"""""""""""""""""""""""""""""""""""""""""""""""""""""""""""""""""""""""""""""""""""""""""""""""""""""""""""""""""""""""""""""""	0.9347	0.9357	0.9352	0.9106	0.9005	0.9055	0.61	0.48	0.98	0.98	FICCI-EY मीडिया और एंटरटेनमेंट रिपोर्ट 2019 के अनुसार, उद्योग का आकार 2013 में 91,810 करोड़ रुपये से बढ़कर 2018 में 1,67,500 करोड़ रुपये हो गया है, जो पिछले 5 वर्षों में 82.44 प्रतिशत की वृद्धि है।	0.8622347880721086	0.7748538011695907	0.7557298252898728	0.9001	0.49
236.0	Indirect Tax Revenue (Provisional) collections have increased from Rs 2,69,909 crore in April-October 2013 to Rs.2,85,126 crore during April-October 2014.	अप्रत्‍यक्ष कर राजस्‍व (अंतरिम) का संग्रह अप्रैल-अक्‍टूबर 2013 के 2,69,909 करोड़ रुपये से बढ़कर अप्रैल-अक्‍टूबर 2014 के दौरान 2,85,126 करोड़ रुपये के स्‍तर को छू गया।	100.0							अप्रत्यक्ष कर राजस्व (प्राविष्ट) कलेक्शन अप्रैल-अक्टूबर 2013 में ₹2,69,909 करोड़ से बढ़कर अप्रैल-अक्टूबर 2014 के दौरान ₹2,85,126 करोड़ हो गए हैं।	90.0						incorrect pluralized form in the end	अप्रत्यक्ष कर राजस्व (अस्थायी) संग्रह अप्रैल-अक्टूबर 2013 में 2,69,909 करोड़ रुपये से बढ़कर अप्रैल-अक्टूबर 2014 में 2,85,126 करोड़ रुपये हो गया है.	100.0							0.8936	0.8902	0.8919	0.9244	0.9347	0.9295	0.0	0.19	0.9	1.0	अप्रत्यक्ष कर राजस्व (अनंतिम) संग्रहण अप्रैल-अक्टूबर 2013 में 2,69,909 करोड़ रुपये से बढ़कर अप्रैल-अक्टूबर 2014 के दौरान 2,85,126 करोड़ रुपये हो गया है।	0.2497370398196844	0.500441235459286	0.4582627274736608	0.9428	0.31
276.0	So for example, in Seattle, where I live, when in 2014 we passed our nation's first 15 dollar minimum wage, the neoliberals freaked out over their precious equilibrium.	उदाहरण के लिए, सिएटल में, जहां मैं रहता हूं, जब 2014 में हमने अपने देश का पहला न्यूनतम वेतन 15 डॉलर पारित किया, तो नवउदारवादी अपने अमूल्य संतुलन पर उत्तेजित हो गए।	98.0						"""""""""""""""""""""""""""""""""""""""""""""""""""""""""""""""Missed """"""""""""""""""""""""""""""""""""""""""""""""""""""""""""""""so"""""""""""""""""""""""""""""""""""""""""""""""""""""""""""""""""""""""""""""""""""""""""""""""""""""""""""""""""""""""""""""""	इस तरह से, उदाहरण के लिए, सिएटल में, जहां मैं रहता हूं, जब हमने 2014 में हमारे देश की पहली 15 डॉलर की न्यूनतम वेतन की घोषणा की, तो नियोलिबरल अपनी कीमती संतुलन पर उतावले हो गए।	85.0	85.0					"""""""""""""""""""""""""""""""""""""""""""""""""""""""""""""""""""""""""""""""""""""""""""""""""""""""""""""""""""""""""""""""passed"""""""""""""""""""""""""""""""""""""""""""""""""""""""""""""""" mistranslated, apni -> apne"""""""""""""""""""""""""""""""""""""""""""""""""""""""""""""""	इसलिए उदाहरण के लिए, सिएटल में, जहां मैं रहता हूँ, जब 2014 में हमने अपने देश की पहली 15 डॉलर न्यूनतम मजदूरी पास की, नीलिबरल्स ने अपने प्यारे संतुलन पर फ्रीक आउट किया।	85.0	85.0					"""""""""""""""""""""""""""""""""""""""""""""""""""""""""""""""""""""""""""""""""""""""""""""""""""""""""""""""""""""""""""""""neoliberals"""""""""""""""""""""""""""""""""""""""""""""""""""""""""""""""" and """"""""""""""""""""""""""""""""""""""""""""""""""""""""""""""""freak out"""""""""""""""""""""""""""""""""""""""""""""""""""""""""""""""" left"""""""""""""""""""""""""""""""""""""""""""""""""""""""""""""""	0.8791	0.8832	0.8812	0.8604	0.8641	0.8622	0.38	0.44	0.85	0.85	उदाहरण के लिए, सिएटल में, जहाँ मैं रहता हूँ, जब 2014 में हमने हमारे देश का पहला 15 डॉलर का न्यूनतम वेतन पारित किया, तो नवउदारवादियों ने अपने कीमती संतुलन को लेकर हंगामा मचा दिया।	0.7240437158469946	0.718653047497043	0.6565722145275469	0.9182	0.37
306.0	Air marshal Anil Khosla takes over as Director General Air Operations	एयर मार्शल अनिल खोसला ने एयर ऑपरेशन्स में महानिदेशक का पदभार संभाला	100.0							एयर मार्शल अनिल खोसला एयर ऑपरेशंस के महानिदेशक के रूप में कार्यभार संभालते हैं।	90.0						"""""""""""""""""""""""""""""""""""""""""""""""""""""""""""""""""""""""""""""""""""""""""""""""""""""""""""""""""""""""""""""""takes over"""""""""""""""""""""""""""""""""""""""""""""""""""""""""""""""" mistranslated"""""""""""""""""""""""""""""""""""""""""""""""""""""""""""""""	वायु सेना मार्शल अनिल खोसला ने वायु संचालन निदेशक महानिदेशक का कार्यभार संभाला	90.0						nideshak twice	0.8837	0.8664	0.875	0.8858	0.8935	0.8896	0.2	0.24	0.9	0.9	एयर मार्शल अनिल खोसला ने एयर ऑपरेशन्स के महानिदेशक के रूप में कार्यभार संभाला।	0.5202408832385413	0.7240437158469946	0.555742958340361	0.9311	0.46
308.0	Cabinet Secretary, Secretary Home Affairs, Secretary External Affairs, Secretary Defence , Secretary Health and Family Welfare, Secretary Civil Aviation and several other top officials attended the meeting.	कैबिनेट सचिव (Cabinet Secretary), गृह सचिव, विदेश मामलों के सचिव, रक्षा सचिव, स्वास्थ्य और परिवार कल्याण सचिव, नागरिक उड्डयन मंत्रालय में सचिव और अन्य कई प्रमुख अधिकारियों ने इस बैठक में हिस्सा लिया.	100.0							कैबिनेट सचिव, गृह कार्य मंत्री, विदेश कार्य मंत्री, रक्षा मंत्री, स्वास्थ्य और परिवार कल्याण मंत्री, नागरिक विमानन मंत्री और कई अन्य शीर्ष अधिकारी बैठक में शामिल थे।	70.0	70.0					secretary mistranslated, affairs not trnslated well, aviation mistranslated	कैबिनेट सचिव, गृह मामलों के सचिव, विदेश मामलों के सचिव, रक्षा सचिव, स्वास्थ्य और परिवार कल्याण सचिव, नागरिक उड्डयन सचिव और कई अन्य शीर्ष अधिकारियों ने बैठक में भाग लिया।	100.0							0.8571	0.8787	0.8678	0.9206	0.9418	0.9311	0.15	0.5	0.7	1.0	कैबिनेट सचिव, गृह सचिव, विदेश सचिव, रक्षा सचिव, स्वास्थ्य और परिवार कल्याण सचिव, नागरिक उड्डयन सचिव और कई अन्य उच्च अधिकारी बैठक में शामिल हुए।	0.4572630922693266	0.6452707211816524	0.7355335533553355	0.9091	0.41
314.0	Two persons were killed in separate road accidents in the district.	जिले में हुए अलग-अलग सड़क हादसों में दो व्यक्तियों की मौत हो गई।	100.0							जिले में अलग-अलग सड़क हादसों में दो व्यक्तियों की मौत हो गई।	100.0							जिले में अलग-अलग सड़क दुर्घटनाओं में दो व्यक्ति मारे गए।	100.0							0.9822	0.9898	0.986	0.8694	0.8652	0.8673	0.8	0.0	1.0	1.0	जिले में दो अलग-अलग सड़क हादसों में दो व्यक्तियों की मौत हो गई।	0.9280792420327304	0.920940170940171	0.4429133858267717	0.9786	0.79
320.0	Step 3: A PDF will be opened on the screen.	चरण 3: आपकी स्क्रीन पर एक पीडीएफ खुल जाएगा।	90.0							पद 3: एक पीडीएफ स्क्रीन पर खोलेगा।	60.0		60.0					चरण 3: स्क्रीन पर एक पीडीएफ खुल जाएगा।	100.0							0.8401	0.8779	0.8586	0.9441	0.9806	0.962	0.0	0.67	0.6	1.0	चरण 3: स्क्रीन पर एक पीडीएफ खुल जाएगी।	0.5739795918367346	0.8017676767676769	0.904102755954608	0.9543	0.53
339.0	Nitin Patel taking oath as deputy chief minister of Gujarat.	नितिन पटेल ने गुजरात के उपमुख्यमंत्री पद के रूप में शपथ ली	90.0						Made past tense	नितिन पटेल गुजरात के उप मुख्यमंत्री के रूप में शपथ लेते हुए।	100.0							नितिन पटेल गुजरात के उपमुख्यमंत्री के रूप में शपथ ले रहे हैं।	100.0							0.9025	0.9043	0.9034	0.911	0.9005	0.9058	0.29	0.34	1.0	1.0	नितिन पटेल गुजरात के उपमुख्यमंत्री के रूप में शपथ ले रहे हैं।	0.6490885416666666	0.7361111111111112	0.7361111111111112	0.9058	0.34
342.0	Power generation during the 2015-16 (April-November, 2015) is 739.915 BU showing a growth rate of 4.55% over the previous year same period.	वर्ष 2015-16 (अप्रैल-नवंबर, 2015) के दौरान के 739.915 बीयू विद्युत उत्‍पादन हुआ है, जो में पिछले वर्ष की इसी अवधि की तुलना में हुए उत्‍पादन से 4.55 प्रतिशत वृद्धि दर दर्शाता है।	90.0						Unnecessary ke and me	2015-16 के दौरान ऊर्जा उत्पादन 739.915 बिलियन यूनिट है, जिससे पिछले वर्ष के समय की तुलना में 4.55% की वृद्धि दर दर्शाई गई है।	60.0		60.0					2015-16 (अप्रैल-नवंबर, 2015) में विद्युत उत्पादन 739.915 बिलियन यूनिट है, जो पिछले साल की समान अवधि की तुलना में 4.55% की वृद्धि दर दिखाता है।	100.0							0.8209	0.8684	0.844	0.8949	0.9024	0.8987	0.0	0.31	0.6	1.0	2015-16 (अप्रैल-नवंबर, 2015) के दौरान बिजली उत्पादन 739.915 BU है, जो पिछले वर्ष की इसी अवधि की तुलना में 4.55% की वृद्धि दर दर्शाता है।	0.4002965892239249	0.6671638418079097	0.5573551384414251	0.9275	0.51
347.0	Ministry of Finance 99 MSMEs to gain by Tax Incentives provided in General Budget 2018-19 Government to Forego Rs 7,000 Crores due to this incentive The Union Minister for Finance and Corporate Affairs, Shri Arun Jaitley has proposed a reduced rate of 25 to companies that have reported turnover up to Rs 250 crores in financial year 2016-17.	वित्त मंत्रालय आम बजट 2018-19 में कर-राहत से 99 प्रतिशत छोटे उद्यमों को फायदा होगा कर-राहत से सरकार को 7000 करोड़ रुपये की राजस्व-हानि केन्द्रीय वित्त एवं कॉरपोरेट मामलों के मंत्री श्री अरुण जेटली ने उन कंपनियों के लिए 25 प्रतिशत के घटे हुए दर का प्रस्ताव किया है, जिनका वित्त वर्ष 2016-17 के दौरान टर्नओवर 250 करोड़ रुपए तक है।	80.0							वित्त मंत्रालय 2018-19 के सामान्य बजट में प्रदान की गई कर सब्सिडी से लाभान्वित होंगे 99 एमएसएमई, सरकार इस प्रोत्साहन के कारण 7,000 करोड़ रुपये का नुकसान करेगी। वित्त और कॉर्पोरेट कार्य मंत्री श्री अरुण जेटली ने 2016-17 वित्तीय वर्ष में टर्नओवर 250 करोड़ रुपये तक रिपोर्ट करने वाली कंपनियों के लिए 25% की कम करने की प्रस्तावना की है।	75.0	75.0						वित्त मंत्रालय: 2018-19 के सामान्य बजट में प्रदान किए गए कर प्रोत्साहन से 99 एमएसएमई लाभान्वित होंगे सरकार इस प्रोत्साहन के कारण 7,000 करोड़ रुपये छोड़ेगी वित्त और कॉर्पोरेट मामलों के केंद्रीय मंत्री, श्री अरुण जेटली ने 2016-17 में 250 करोड़ रुपये तक के टर्नओवर वाली कंपनियों के लिए 25 प्रतिशत की दर प्रस्तावित की है।	90.0							0.7964	0.779	0.7876	0.8642	0.8565	0.8603	0.17	0.16	0.75	0.9	वित्त मंत्रालय 99 सूक्ष्म, लघु और मध्यम उद्यमों (MSMEs) को कर प्रोत्साहन के माध्यम से लाभ होगा जो आम बजट 2018-19 में प्रदान किया गया है। इस प्रोत्साहन के कारण सरकार को 7,000 करोड़ रुपये का राजस्व छोड़ना पड़ेगा। वित्त और कॉर्पोरेट कार्य मंत्री, श्री अरुण जेटली ने उन कंपनियों के लिए 25% की घटी हुई दर का प्रस्ताव दिया है, जिन्होंने वित्तीय वर्ष 2016-17 में 250 करोड़ रुपये तक का कारोबार दर्ज किया है।	0.3930742817540322	0.5281015194212402	0.3978115310295241	0.8061	0.23
350.0	Apart from these, several important projects have been taken up in the Delhi NCR areas around Haryana	इनके अलावा हरियाणा के आसपास दिल्ली एनसीआर क्षेत्रों में कई अहम परियोजनाएं शुरू की गई हैं	100.0							इनके अलावा, हरियाणा के आस-पास दिल्ली NCR क्षेत्रों में कई महत्वपूर्ण परियोजनाएं ली गई हैं।	85.0	85.0					taken up mistranslated	इनके अलावा, हरियाणा के आसपास दिल्ली एनसीआर क्षेत्रों में कई महत्वपूर्ण परियोजनाएं शुरू की गई हैं।	100.0							0.8877	0.9072	0.8973	0.9496	0.9566	0.9531	0.0	0.6	0.85	1.0	इनके अलावा, हरियाणा के आसपास के दिल्ली एनसीआर क्षेत्रों में कई महत्वपूर्ण परियोजनाएं शुरू की गई हैं।	0.5575	0.8301839254220206	0.8652871086322728	0.9428	0.43
382.0	Similar conclusions were reached by Michael McElroy and Steven Wofsy at Harvard University.	इसी तरह के निष्कर्ष माइकल McElroy और स्टीवन Wofsy द्वारा हार्वर्ड विश्वविद्यालय में दिए गए।	85.0	85.0					reached mistranslated, last names left	हार्वर्ड विश्वविद्यालय में माइकल मैक्एलरॉय और स्टीवन वॉफसी द्वारा समान निष्कर्ष निकाले गए।	100.0							हरवर्ड विश्वविद्यालय में माइकल मैकेलरॉय और स्टीवन वोफ्सी ने भी इसी नतीजे पर पहुँचे।	95.0						incorrect ne	0.8499	0.8335	0.8416	0.792	0.7892	0.7906	0.0	0.0	1.0	0.95	माइकल मैकेलरॉय और स्टीवन वॉफ्सी ने हार्वर्ड विश्वविद्यालय में इसी तरह के निष्कर्ष निकाले।	0.5180180180180181	0.6496644295302012	0.3430275913497391	0.8559	0.27
412.0	The 8GB RAM and 128GB model is priced at Rs 19,999.	इसके 8GB रैम और 128GB स्टोरेज वाले वेरिएंट की कीमत 19,999 रुपये है।	85.0	85.0					extra things	8 जीबी रैम और 128 जीबी मॉडल की कीमत 19,999 रुपये है।	100.0							8GB रैम और 128GB मॉडल की कीमत 19,999 रुपये है.	100.0							0.8436	0.8702	0.8567	0.8733	0.9268	0.8992	0.34	0.39	1.0	1.0	8GB रैम और 128GB मॉडल की कीमत 19,999 रुपये है।	0.5363075462743236	0.7047730144843005	0.6201171875000001	0.9029	0.49
415.0	Directed Delhi Police to take all possible steps in coordination with JNU Administration to maintain law and order&take action against the perpetrators of violence.	दिल्ली पुलिस को कानून व्यवस्था बनाये रखने तथा हिंसा के खिलाफ कार्रवाई करने के लिए जेएनयू प्रशासन के साथ मिलकर हरसंभव कदम उठाने का निर्देश दिया।	95.0						Missed perpetrators	दिल्ली पुलिस से निर्देशित किया कि वे जेएनयू प्रशासन के साथ समन्वय में सभी संभावित कदम उठाएं और कानून और व्यवस्था को बनाए रखने के लिए हिंसा के प्रवर्तकों के खिलाफ कार्रवाई करें।	95.0							दिल्ली पुलिस को जेएनयू प्रशासन के साथ समन्वय में कानून व्यवस्था बनाए रखने और हिंसा के दोषियों के खिलाफ कार्रवाई करने के लिए सभी संभव कदम उठाने के निर्देश दिए।	90.0						perpetrators mistranslated	0.8525	0.8219	0.8369	0.9136	0.9007	0.9071	0.14	0.32	0.95	0.9	दिल्ली पुलिस को निर्देश दिया कि कानून और व्यवस्था बनाए रखने के लिए जेएनयू प्रशासन के साथ समन्वय में सभी संभव कदम उठाएं और हिंसा के अपराधियों के खिलाफ कार्रवाई करें।	0.4588986949703874	0.5513044491031913	0.7102272727272727	0.8667	0.26
425.0	Yogi's programme at Patna postponed due to Mayoral poll	पटना में मेयर चुनाव के कारण योगी का कार्यक्रम स्थगित	100.0							पटना में योगी का कार्यक्रम मेयरी चुनाव के कारण स्थगित हो गया।	100.0							पटना में योगी के कार्यक्रम को महापौर चुनाव के कारण स्थगित कर दिया गया	100.0							0.8992	0.8701	0.8844	0.9045	0.8509	0.8769	0.0	0.0	1.0	1.0	योगी का कार्यक्रम पटना में मेयर चुनाव के कारण स्थगित हुआ।	0.8436213991769549	0.9767326732673268	0.6753305288461539	0.8944	0.6
426.0	Yamato and his friends were unsure of where he ended up to after he tried to stop him again.	Yamato और अपने दोस्तों जहां वह समाप्त हो गया उसके बाद वह उसे फिर से रोकने की कोशिश के अनिश्चित थे।	20.0				20.0			यमातो और उसके दोस्त यह निश्चित नहीं थे कि उसने उसे फिर से रोकने की कोशिश करने के बाद वह कहां पहुँच गया।	60.0		60.0					यामातो और उसके दोस्त यह निश्चित नहीं थे कि वह फिर से उसे रोकने की कोशिश करने के बाद कहाँ पहुँच गया।	60.0		60.0					0.8089	0.8134	0.8112	0.8051	0.8114	0.8082	0.25	0.0	0.6	0.6	यामाटो और उसके दोस्त इस बात को लेकर अनिश्चित थे कि उसे फिर से रोकने की कोशिश करने के बाद वह कहाँ चला गया।	0.4945033525651021	0.5281690140845071	0.4210567545337041	0.8249	0.24
429.0	The Ministry had sanctioned Rs 35.19 Lakh in September 2009.	मंत्रालय ने सितंबर 2009 में 35.19 लाख रूपये की मंजूरी दी थी।	100.0							मंत्रालय ने सितंबर 2009 में 35.19 लाख रुपये की मंजूरी दी थी।	100.0							सितंबर 2009 में मंत्रालय ने 35.19 लाख रुपये स्वीकृत किए थे।	100.0							0.9886	0.9886	0.9886	0.8975	0.9159	0.9066	0.73	0.0	1.0	1.0	मंत्रालय ने सितंबर 2009 में 35.19 लाख रुपये मंजूर किए थे।	0.9139118457300276	0.5873778082661636	0.565083176127594	0.9377	0.52
430.0	This price is for the 4GB RAM and 64GB storage variant.	यह कीमत 4GB रैम और 64GB स्टोरेज वाले वेरियंट की है।	100.0							यह मूल्य 4 जीबी रैम और 64 जीबी स्टोरेज वेरिएंट के लिए है।	100.0							यह कीमत 4GB रैम और 64GB स्टोरेज वेरिएंट के लिए है।	100.0							0.8717	0.8547	0.8631	0.9347	0.9263	0.9305	0.0	0.59	1.0	1.0	यह कीमत 4GB रैम और 64GB स्टोरेज वाले वेरिएंट के लिए है।	0.3321428571428571	0.8063619174730285	0.7215909090909091	0.9496	0.63
511.0	Arjun Kapoor is the son of the famous producer, Boney Kapoor.	अर्जुन फिल्म इंडस्ट्री के फेमस प्रोड्यूसर बोनी कपूर के बेटे हैं।	90.0						Missed first Kapoor, famous producer left	अर्जुन कपूर मशहूर निर्माता बोनी कपूर का बेटा है।	100.0							अर्जुन कपूर प्रसिद्ध निर्माता बोनी कपूर के पुत्र हैं।	90.0							0.7823	0.8558	0.8174	0.7666	0.8814	0.82	0.0	0.0	1.0	0.9	अर्जुन कपूर प्रसिद्ध निर्माता बोनी कपूर के पुत्र हैं।	0.2366255144032921	0.412962962962963	0.412962962962963	0.8200	0.0
521.0	The airline will deploy 70-seater ATR 72 aircraft on the route.	इस मार्ग पर 70 सीटों वाले एटीआर 72 विमान का परिचालन किया जायेगा।	100.0							एयरलाइन रूट पर 70 सीट वाले एटीआर 72 एयरक्राफ्ट का उपयोग करेगी।	85.0	85.0						एयरलाइन मार्ग पर 70 सीटर एटीआर 72 विमान तैनात करेगी।	90.0						Missing ko	0.8401	0.799	0.819	0.831	0.8244	0.8277	0.0	0.0	0.85	0.9	एयरलाइन इस मार्ग पर 70-सीटर एटीआर 72 विमान तैनात करेगी।	0.436046511627907	0.4636920384951881	0.4636920384951881	0.8332	0.28
523.0	Ms. M Sathiyavathy is New Secretary of Labour and Employment	सुश्री एम. साथियावती बनीं नई श्रम और रोजगार सचिव	100.0							श्रीमती एम शाथियावती श्रम और रोजगार के नए सचिव हैं।	90.0						Ms mistranslated	श्रीमती एम सथियावथी श्रम और रोजगार की नई सचिव हैं	90.0						Ms mistranslated	0.82	0.8279	0.8239	0.8152	0.8318	0.8234	0.0	0.0	0.9	0.9	सुश्री एम. सथियवती श्रम और रोजगार की नई सचिव हैं।	0.446	0.7425742574257427	0.5111111111111111	0.8739	0.0
528.0	In fact, for BSF the war on eastern front had started well before the war actually broke out in Dec '71.	वास्तव में, बीएसएफ के लिए दिसम्बर '71 में युद्ध वास्तव में टूटने से पहले पूर्वी मोर्चे पर युद्ध शुरू हो गया था।	75.0	75.0					broke out mistranslated	वास्तव में, बीएसएफ के लिए पूर्वी दल पर युद्ध वास्तव में १९७१ के दिसंबर में युद्ध आरंभ होने से पहले ही शुरू हो चुका था।	90.0						front mistranstaled	वास्तव में BSF के लिए पूर्वी मोर्चे पर युद्ध दिसंबर '71 में वास्तविक रूप से शुरू होने से पहले ही शुरू हो गया था।	100.0							0.8877	0.8765	0.8821	0.8944	0.9022	0.8983	0.3	0.27	0.9	1.0	वास्तव में, बीएसएफ के लिए पूर्वी मोर्चे पर युद्ध दिसंबर '71 में युद्ध के वास्तविक रूप से शुरू होने से काफी पहले ही आरंभ हो गया था।	0.6580829756795422	0.6467849354629576	0.6493506493506493	0.9180	0.35
529.0	However, the court said that there was no danger involved to the life of the mother and child if the pregnancy was continued.	हालांकि अदालत ने कहा कि अगर गर्भावस्था जारी रहती है, तो इससे मां और शिशु की जान को कोई खतरा नहीं है।	90.0						changed to present tense	हालांकि, अदालत ने कहा कि अगर गर्भावस्था जारी रखी जाती तो माता और बच्चे की जिंदगी को किसी भी खतरे का सामना नहीं करना पड़ता।	98.0						Comma not needed	हालांकि, अदालत ने कहा कि माँ और बच्चे के जीवन को कोई खतरा नहीं था अगर गर्भावस्था जारी रखी जाती।	98.0						Comma not needed	0.9076	0.8767	0.8919	0.8792	0.8925	0.8858	0.26	0.27	0.98	0.98	हालांकि, अदालत ने कहा कि यदि गर्भावस्था जारी रहती है, तो माँ और बच्चे के जीवन को कोई खतरा नहीं है।	0.5448016116317771	0.7297276967052804	0.5898675259577515	0.9358	0.48
552.0	When specifically asked that since he is In-Charge of North Eastern region which usually depends on tourism, what would be the effect of COVID pandemic, Dr Jitendra Singh replied that North East will rather gain in tourism and may start attracting tourists from Europe and other western countries as well because while most of the tourist resorts in those countries have been heavily afflicted by Corona, it is the North Eastern region of India which remains relatively Corona-free and some of the most popular tourist destinations like Sikkim did not have even a single Corona positive case throughout	पूर्वोत्तर क्षेत्र, जो आमतौर पर पर्यटन पर ही निर्भर है, का प्रभारी होने के नाते जब उनसे खास तौर पर कोविड महामारी के प्रभाव के बारे में पूछा गया तो डॉक्टर जितेंद्र सिंह ने कहा कि पूर्वोत्तर क्षेत्र को निश्चय ही पर्यटन में फायदा होगा और यह यूरोप सहित अन्य पश्चिम देशों के सैलानियों को आकर्षित करना शुरू कर सकता है क्योंकि जब उन देशों के ज्यादातर पर्यटक स्थल कोरोना से बुरी तरह प्रभावित रहे तब भारत का पूर्वोत्तर क्षेत्र ही है जो नि:संदेह कोरोना से मुक्त रहा और सिक्किम जैसे कुछ लोकप्रिय पर्यटक स्थल में तो कोरोना का एक भी पॉजिटिव मामला सामने नहीं आया	100.0							जब विशेष रूप से पूछा गया कि क्योंकि उन्हें उत्तर पूर्वी क्षेत्र का प्रभारी बनाया गया है जो आमतौर पर पर्यटन पर निर्भर करता है, COVID महामारी का क्या प्रभाव होगा, तो डॉ. जितेंद्र सिंह ने कहा कि उत्तर पूर्वी क्षेत्र पर पर्यटन में बढ़ोतरी होगी और यह यूरोप और अन्य पश्चिमी देशों से पर्यटकों को आकर्षित करने लगेगा क्योंकि जबकि उन देशों के अधिकांश पर्यटन स्थलों को कोरोना से भारी नुकसान हुआ है, भारत के उत्तर पूर्वी क्षेत्र कोरोना से लगभग मुक्त रहता है और सिक्किम जैसे कुछ प्रमुख पर्यटन स्थलों में एक भी कोरोना सकारात्मक मामला नहीं था।	100.0							जब विशेष रूप से पूछा गया कि चूंकि वह उत्तर पूर्वी क्षेत्र के प्रभारी हैं, जो पर्यटन पर निर्भर करता है, कोविड महामारी का प्रभाव क्या होगा, डॉ जितेंद्र सिंह ने उत्तर दिया कि उत्तर पूर्व पर्यटन में लाभान्वित होगा और यूरोप तथा अन्य पश्चिमी देशों से पर्यटकों को आकर्षित करना शुरू कर देगा क्योंकि जबकि उन देशों के अधिकांश पर्यटन रिसॉर्ट कोरोना से बुरी तरह प्रभावित हुए हैं, भारत के उत्तर पूर्वी क्षेत्र में कोरोना से अपेक्षाकृत मुक्त है और सिक्किम जैसे लोकप्रिय पर्यटन स्थलों में कोरोना पॉजिटिव मामला एक भी नहीं था।	100.0							0.7873	0.8226	0.8046	0.7899	0.8236	0.8064	0.15	0.14	1.0	1.0	जब विशेष रूप से उनसे पूछा गया कि चूंकि वह उत्तर पूर्वी क्षेत्र के इंचार्ज हैं जो आमतौर पर पर्यटन पर निर्भर करता है, तो COVID महामारी का क्या प्रभाव होगा, डॉ. जितेंद्र सिंह ने उत्तर दिया कि उत्तर पूर्व पर्यटन में लाभ प्राप्त करेगा और यूरोप और अन्य पश्चिमी देशों से पर्यटकों को आकर्षित करना शुरू कर सकता है क्योंकि जहां उन देशों के अधिकांश पर्यटक स्थलों को कोरोना ने बुरी तरह प्रभावित किया है, वहीं भारत का उत्तर पूर्वी क्षेत्र अपेक्षाकृत कोरोना मुक्त है और कुछ सबसे लोकप्रिय पर्यटक स्थलों जैसे सिक्किम में पूरे समय में एक भी कोरोना पॉजिटिव मामला नहीं था।	0.4217502617438355	0.4600256214285809	0.4691600336721627	0.7907	0.18
563.0	Solar Parks and UMSPPs will be set up by 2019-20 with central governments financial support of Rs 8,100 crore.	केंद्र सरकार के 8,100 करोड़ रुपये के वित्तीय समर्थन के साथ सौर पार्क और यूएमएसपीपी का गठन 2019-20 तक किया जाएगा।	95.0						set up mistranstaled	सोलर पार्क और यूएमएसपीपी 2019-20 तक सेटअप किए जाएंगे, केंद्र सरकार के आर्थिक सहायता के साथ रुपये 8,100 करोड़।	70.0	70.0					set up left, poor sentence structure	सौर पार्क और यूएमएसपीपी 2019-20 तक केंद्र सरकार के 8,100 करोड़ रुपये के वित्तीय समर्थन से स्थापित किए जाएंगे।	100.0							0.8453	0.8526	0.849	0.9154	0.9264	0.9209	0.21	0.56	0.7	1.0	सौर पार्क और UMSPPs को केंद्रीय सरकार के 8,100 करोड़ रुपये के वित्तीय समर्थन के साथ 2019-20 तक स्थापित किया जाएगा।	0.5171783625730992	0.8042511122095898	0.684508547008547	0.9100	0.59
599.0	Marc Guggenheim wrote the script, while Hugh Jackman, Liev Schreiber, and will.i.am voiced their characters from the film.	इसकी पटकथा मार्क गुग्गेनहिम ने लिखी, जबकि ह्यू जैकमैन,Liev स्क्रिबर, और will.i.am ने फिल्म कें चरित्रों को अपनी-अपनी आवाज प्रदान की।	95.0						mixed language	मार्क गुगेनहाइम ने स्क्रिप्ट लिखी, जबकि ह्यू जैकमैन, लिव श्रेइबर, और विल.आई.एम. ने फिल्म से अपने किरदारों की आवाज दी।	80.0	80.0					se incorrect, apne at incorrect place	मार्क गुगेनहाइम ने स्क्रिप्ट लिखी, जबकि ह्यू जैकमैन, लीव श्राइबर और विल.आई.एम ने फिल्म से अपने किरदारों की आवाज़ दी।	80.0	80.0					se incorrect, apne at incorrect place	0.8425	0.8475	0.845	0.8392	0.8473	0.8433	0.22	0.2	0.8	0.8	मार्क गुगेनहाइम ने पटकथा लिखी, जबकि ह्यू जैकमैन, लिव श्रेइबर और विल.आई.एम ने फिल्म में अपने पात्रों को आवाज़ दी।	0.4964235640788004	0.4065352274632873	0.3596881587312209	0.8573	0.21
668.0	Shloka is youngest of three children of Russell and Mona Mehta.	श्लोका, रसेल मेहता और मोना की तीन संतानों में सबसे छोटी हैं।	98.0						comma not needed	श्लोका रसेल और मोना मेहता के तीन बच्चों में सबसे छोटी है।	100.0							श्लोका रसल और मोना मेहता के तीन बच्चों में सबसे छोटी है।	100.0							0.9002	0.891	0.8956	0.8964	0.887	0.8917	0.0	0.0	1.0	1.0	श्लोका रसेल और मोना मेहता के तीन बच्चों में सबसे छोटी है।	0.594315245478036	0.594315245478036	0.544452519379845	0.8956	0.0
677.0	Amitabh Bachchan, Ranbir Kapoor, and Alia Bhatt will also be playing the lead roles in the film.	इसमें आलिया भट्ट और रणबीर कपूर के साथ ही अमिताभ बच्चन भी अहम किरदार निभाते दिखेंगे।	95.0						changed order of names	अमिताभ बच्चन, रणबीर कपूर, और आलिया भट्ट भी फिल्म में मुख्य भूमिकाएँ निभाएंगे।	100.0							अमिताभ बच्चन, रणबीर कपूर और आलिया भट्ट फिल्म में मुख्य भूमिकाएं निभाएंगे।	100.0							0.8343	0.8648	0.8493	0.8348	0.876	0.8549	0.0	0.0	1.0	1.0	फिल्म में अमिताभ बच्चन, रणबीर कपूर और आलिया भट्ट भी मुख्य भूमिकाएं निभाएंगे।	0.4417256289308176	0.4445213607594936	0.4042636162745352	0.8783	0.0
708.0	Two other accused in the case, Sandeep V Dange and Ramchandra Kalsangra are still absconding, while another accused Sunil Joshi had died.	मामले के दो अन्य आरोपी संदीप वी डांगे और रामचंद्र कलसांगरा फरार हैं और एक अन्य आरोपी सुनील जोशी की मौत हो चुकी है।	100.0							मामले में दो अन्य अभियुक्त, संदीप वी डंगे और रामचंद्र कालसांगरा अभी भागे हुए हैं, जबकि एक अन्य अभियुक्त सुनील जोशी की मौत हो गई थी।	95.0						had mistranslated	मामले में दो अन्य आरोपी, संदीप वी डांगे और रामचंद्र कालसंगरा अभी भी फरार हैं, जबकि एक अन्य आरोपी सुनील जोशी की मृत्यु हो गई थी।	95.0						had mistranslated	0.8905	0.8794	0.8849	0.9242	0.9171	0.9207	0.2	0.36	0.95	0.95	इस मामले में दो अन्य आरोपियों, संदीप वी डांगे और रामचंद्र कालसांगरा, अभी भी फरार हैं, जबकि एक अन्य आरोपी सुनील जोशी की मृत्यु हो चुकी है।	0.5681238615664845	0.7435308425106413	0.7053228091479459	0.9243	0.35
709.0	Revenue and Rehabilitation Minister Rampal Singh and MlA Ranjeet Singh Gunwan also spoke on the occasion.	अंत्योदय मेला को राजस्व एवं पुनर्वास मंत्री रामपाल सिंह एवं विधायक रंजीत सिंह गुणवान ने भी संबोधित किया।	90.0						added mela	राजस्व और पुनर्वास मंत्री रामपाल सिंह और विधायक रणजीत सिंह गुंवान ने भी इस अवसर पर बोला।	90.0						should have used plural	राजस्व एवं पुनर्वास मंत्री रामपाल सिंह और विधायक रंजीत सिंह गुनवान ने भी इस अवसर पर बोला।	90.0						should have used plural	0.8609	0.8773	0.869	0.87	0.8911	0.8804	0.18	0.37	0.9	0.9	राजस्व और पुनर्वास मंत्रीRampal Singh और विधायक Ranjeet Singh Gunwan ने भी इस अवसर पर बात की।	0.4596868749568936	0.2078212290502793	0.5856687751050372	0.8024	0.0
728.0	Targeting the Modi government, Chowdhury said the country is reeling under drought, but the government is not worried.	मोदी सरकार पर निशाना साधते हुए चौधरी ने कहा कि देश सूखे की चपेट में है, लेकिन सरकार चिंतित नहीं है।	100.0							चौधरी ने मोदी सरकार को निशाना बनाते हुए कहा कि देश सूखे की चपेट में है, लेकिन सरकार को चिंता नहीं है।	100.0							मोदी सरकार पर निशाना साधते हुए चौधरी ने कहा कि देश सूखे की मार झेल रहा है, लेकिन सरकार चिंतित नहीं है.	100.0							0.9245	0.9369	0.9307	0.9581	0.9527	0.9554	0.54	0.7	1.0	1.0	मोदी सरकार पर निशाना साधते हुए चौधरी ने कहा कि देश सूखे की चपेट में है, लेकिन सरकार चिंतित नहीं है।	0.8461914490918891	0.9999530428249436	0.8541713458610966	1.	1.0
741.0	Ministry of Railways Indian Railways distributes more than 85 lakh free meals and about 1.25 crore free water bottles to nearly 50 lakh migrants travelling in Shramik Special Trains As on 28th May 2020, 3736 Shramik Special trains have been operationalized from various states across the country Yesterday 172 Shramik Specials were originated Indian Railways has distributed more than 85 lakh free meals and about 1.25 crore free water bottles to migrants travelling in Shramik Special Trains since 1st May 2020.	रेल मंत्रालय भारतीय रेलवे ने श्रमिक स्पेशल ट्रेनों में यात्रा करने वाले लगभग 50 लाख प्रवासियों को 85 लाख से भी अधिक मुफ्त भोजन और लगभग 1.25 करोड़ मुफ्त पानी की बोतलें वितरित कीं 28 मई 2020 तक देश भर के विभिन्न राज्यों से 3736 श्रमिक स्पेशल ट्रेनें चलाई गई हैं कल 172 श्रमिक स्पेशल ट्रेनें रवाना की गईं भारतीय रेलवे ने 1 मई, 2020 से ही श्रमिक स्पेशल ट्रेनों में यात्रा करने वाले लगभग 50 लाख प्रवासियों को 85 लाख से भी अधिक मुफ्त भोजन और लगभग 1.25 करोड़ मुफ्त पानी की बोतलें वितरित की हैं।	100.0							रेल मंत्रालय भारतीय रेल द्वारा श्रमिक विशेष ट्रेनों में यात्रा कर रहे लगभग 50 लाख प्रवासियों को 28 मई 2020 को 85 लाख से अधिक मुफ्त भोजन और लगभग 1.25 करोड़ मुफ्त पानी की बोतलें वितरित की गई है। 1 मई 2020 से अब तक 3736 श्रमिक विशेष ट्रेनें देश भर के विभिन्न राज्यों से संचालित की गई हैं। कल 172 श्रमिक विशेष ट्रेनें शुरू की गई थीं। भारतीय रेल ने 1 मई 2020 से अब तक श्रमिक विशेष ट्रेनों में यात्रा कर रहे प्रवासियों को 85 लाख से अधिक मुफ्त भोजन और लगभग 1.25 करोड़ मुफ्त पानी की बोतलें वितरित की है।	100.0							रेल मंत्रालय भारतीय रेलवे ने श्रमिक स्पेशल ट्रेनों में यात्रा कर रहे लगभग 50 लाख प्रवासियों को 85 लाख से अधिक मुफ्त भोजन और लगभग 1.25 करोड़ मुफ्त पानी की बोतलें वितरित की हैं। 28 मई 2020 तक, देश भर के विभिन्न राज्यों से 3736 श्रमिक स्पेशल ट्रेनें संचालित की गई हैं। कल 172 श्रमिक स्पेशल ट्रेनें शुरू की गई थीं। भारतीय रेलवे ने 1 मई 2020 से श्रमिक स्पेशल ट्रेनों में यात्रा कर रहे प्रवासियों को 85 लाख से अधिक मुफ्त भोजन और लगभग 1.25 करोड़ मुफ्त पानी की बोतलें वितरित की हैं।	100.0							0.9123	0.9321	0.9221	0.9604	0.9658	0.9631	0.45	0.65	1.0	1.0	रेल मंत्रालय भारतीय रेलवे ने श्रमिक स्पेशल ट्रेनों में यात्रा कर रहे लगभग 50 लाख प्रवासियों को 85 लाख से अधिक मुफ्त भोजन और लगभग 1.25 करोड़ मुफ्त पानी की बोतलें वितरित की हैं। 28 मई 2020 तक, देश के विभिन्न राज्यों से 3736 श्रमिक स्पेशल ट्रेनें चालू की गई हैं। कल 172 श्रमिक स्पेशल ट्रेनें शुरू की गईं। भारतीय रेलवे ने 1 मई 2020 से श्रमिक स्पेशल ट्रेनों में यात्रा कर रहे प्रवासियों को 85 लाख से अधिक मुफ्त भोजन और लगभग 1.25 करोड़ मुफ्त पानी की बोतलें वितरित की हैं।	0.7259523970671178	0.830482466175506	0.8405007731162654	0.9624	0.64
743.0	Karnataka assembly elections to be held in one phase	एक ही चरण में होगा कर्नाटक के विधानसभा चुनाव	95.0						ke -> ka	कर्नाटक विधानसभा चुनाव एक चरण में होंगे।	100.0							कर्नाटक विधानसभा चुनाव एक चरण में होंगे।	100.0							0.827	0.8116	0.8192	0.827	0.8116	0.8192	0.0	0.0	1.0	1.0	कर्नाटक विधानसभा चुनाव एक चरण में आयोजित किए जाएंगे।	0.5808080808080809	0.5679012345679012	0.5808080808080809	0.8061	0.0
782.0	He was unwell for the last a few months.	पिछले कुछ महीनों से उनकी तबीयत खराब थी।	100.0							वह पिछले कुछ महीनों से अस्वस्थ था।	100.0							वह पिछले कुछ महीनों से बीमार था।	100.0							0.8568	0.8679	0.8623	0.8532	0.8925	0.8724	0.36	0.36	1.0	1.0	वह पिछले कुछ महीनों से अस्वस्थ था।	0.5023734177215189	0.5023734177215189	0.5023734177215189	0.8623	0.36
787.0	He said different organisations and individuals have complained that Hindu gods and goddesses have been ridiculed in 'Tandav' web series.	उन्होंने कहा कि विभिन्न संगठनों और व्यक्तियों ने शिकायत की है कि तांडव वेब सीरीज में हिंदू देवी-देवताओं का उपहास किया गया है.	100.0							उन्होंने कहा कि विभिन्न संगठन और व्यक्तियों ने शिकायत की है कि 'तांडव' वेब सीरीज में हिन्दू देवी-देवताओं का मजाक उड़ा गया है।	95.0						sangthan should be plural	उन्होंने कहा कि विभिन्न संगठनों और व्यक्तियों ने शिकायत की है कि 'टंडव' वेब सीरीज में हिंदू देवी-देवताओं का उपहास किया गया है.	100.0							0.9473	0.9467	0.947	0.9831	0.9762	0.9796	0.42	0.88	0.95	1.0	उन्होंने कहा कि विभिन्न संगठनों और व्यक्तियों ने शिकायत की है कि 'तांडव' वेब सीरीज में हिंदू देवी-देवताओं का उपहास किया गया है।	0.7141027611290407	0.9075048866636946	0.9501007670796294	0.9844	0.8
807.0	Rs 50,000-crore special finance facility to be provided to financial institutions such as Nabard, Sidbi, NHB.	नाबार्ड, सिडबी, एनएचबी जैसे वित्तीय संस्थानों को 50,000 करोड़ रुपए की विशेष वित्तीय सहायता उपलबध कराई जाएगी।	100.0							वित्तीय संस्थानों जैसे नाबार्ड, सिडबी, एनएचबी को प्रदान करने के लिए रुपये 50,000-करोड़ विशेष वित्त सुविधा।	70.0	70.0					not a proper sentence	नाबार्ड, सिडबी, एनएचबी जैसे वित्तीय संस्थानों को 50,000 करोड़ रुपये की विशेष वित्त सुविधा प्रदान की जाएगी।	100.0							0.841	0.8627	0.8517	0.9354	0.9509	0.9431	0.24	0.59	0.7	1.0	नाबार्ड, सिडबी, एनएचबी जैसे वित्तीय संस्थानों को 50,000 करोड़ रुपये की विशेष वित्त सुविधा प्रदान की जाएगी।	0.471957671957672	0.7078410311493017	0.7078410311493017	0.9431	0.59
832.0	He was born on 23 July 1933 in Chennai, Tamil Nadu to Neelkanta Padmanabha and was commissioned into the Indian Air Force on 1 April 1953.	उनका जन्म 23 जुलाई 1933 को चेन्नई, तमिलनाडु में नीलकंठा पद्मनाभ में हुआ और 1 अप्रैल 1953 को भारतीय वायु सेना में नियुक्त किया गया।	65.0		65.0				parent's name taken as place, should have used plural	उन्होंने 23 जुलाई 1933 को नीलकंठ पद्मनाभ के पुत्र के रूप में चेन्नई, तमिलनाडु में जन्म लिया और 1 अप्रैल 1953 को भारतीय वायुसेना में तैनात किया गया था।	75.0	75.0					awkward second part	वह 23 जुलाई 1933 को चेन्नई, तमिलनाडु में नीलकांत पدمानाभा के यहाँ पैदा हुए और 1 अप्रैल 1953 को भारतीय वायु सेना में कमीशन हुए।	100.0							0.8931	0.8696	0.8812	0.8769	0.8784	0.8777	0.34	0.56	0.75	1.0	वह 23 जुलाई 1933 को चेन्नई, तमिलनाडु में नीलकंता पद्मनाभ के यहाँ जन्मे थे और 1 अप्रैल 1953 को भारतीय वायु सेना में कमीशन प्राप्त किया।	0.6814509359523211	0.6858710562414266	0.6520495075858398	0.8988	0.55
854.0	The third on the list is former Australia World Cup winning captain Ricky Ponting, who had taken 468 innings to reach this milestone.	इस लिस्ट में तीसरे नंबर पर ऑस्ट्रेलिया के पूर्व विश्व कप विजेता कप्तान रिकी पोंटिंग हैं, जिन्होंने यह उपलब्धि हासिल करने के लिए 468 पारियां खेली थीं।	100.0							सूची में तीसरे स्थान पर पुराने ऑस्ट्रेलिया विश्व कप विजेता कप्तान रिकी पोंटिंग है, जिन्होंने इस उपलब्धि तक पहुंचने के लिए 468 पारी खेली थी।	90.0						former mistranslated, pari should be plural	सूची में तीसरे स्थान पर पूर्व ऑस्ट्रेलिया विश्व कप विजेता कप्तान रिकी पोंटिंग हैं, जिन्होंने इस मील के पत्थर को हासिल करने में 468 पारियां ली थीं।	90.0						milestone mistranslated	0.8967	0.8999	0.8983	0.9144	0.9114	0.9129	0.27	0.37	0.9	0.9	सूची में तीसरे स्थान पर पूर्व ऑस्ट्रेलियाई विश्व कप विजेता कप्तान रिकी पोंटिंग हैं, जिन्होंने इस मील के पत्थर तक पहुंचने के लिए 468 पारियां ली थीं।	0.6070143884892087	0.6914285714285714	0.6961046323291221	0.8956	0.42
864.0	Amit Shah is contesting the Lok Sabha poll for the first time.	अमित शाह पहली बार लोकसभा का चुनाव लड़ेंगे।	100.0							अमित शाह पहली बार लोकसभा चुनाव में भाग ले रहे हैं।	100.0							अमित शाह पहली बार लोक सभा चुनाव लड़ रहे हैं।	100.0							0.8815	0.8839	0.8827	0.8873	0.8928	0.89	0.37	0.28	1.0	1.0	अमित शाह पहली बार लोकसभा चुनाव लड़ रहे हैं।	0.7095046854082998	0.7270233196159123	0.5902439024390245	0.9104	0.47
868.0	The Cabinet, in its meeting held on 24.06.2015 had authorized MMTC Limited to engage in Long Term Agreements(LTAs) with Japanese Steel Mills (JSMs) and POSCO, South Korea, for supply of iron ore for a period of three years (i.e. 2015 to 2018).	कैबिनेट ने 24 जून, 2015 को हुई अपनी बैठक में एमएमटीसी लिमिटेड को तीन वर्षों की अवधि तक (वर्ष 2015 से लेकर वर्ष 2018 तक) लौह अयस्क की आपूर्ति करने के लिए जापान की इस्पात मिलों (जेएसएम) और दक्षिण कोरिया की पोस्को के साथ दीर्घकालिक समझौते (एलटीए) करने के लिए अधिकृत किया था।	100.0							मंत्रिमंडल ने अपनी बैठक में जो कि 24.06.2015 को हुई थी, MMTC Limited को लॉन्ग टर्म अग्रीमेंट्स (LTAs) करने के लिए अधिकारित किया था जापानी स्टील मिल्स (JSMs) और POSCO, दक्षिण कोरिया, के साथ, तीन साल के लिए आयरन ओर की आपूर्ति के लिए (यानी 2015 से 2018 तक)।	85.0	85.0					A bit awkward sentence	कैबिनेट ने 24.06.2015 को आयोजित अपनी बैठक में एमएमटीसी लिमिटेड को जापानी स्टील मिल्स (जेएसएम) और दक्षिण कोरिया के पॉस्को के साथ लंबी अवधि के समझौते (एलटीए) में प्रवेश करने के लिए अधिकृत किया था, जिसके तहत 2015 से 2018 तक तीन साल की अवधि के लिए लौह अयस्क की आपूर्ति की जानी थी।	95.0							0.769	0.7847	0.7767	0.8689	0.8663	0.8676	0.11	0.34	0.85	0.95	कैबिनेट ने 24.06.2015 को अपनी बैठक में एमएमटीसी लिमिटेड को जापानी स्टील मिल्स (जेएसएम) और दक्षिण कोरिया की पोस्को के साथ तीन वर्षों की अवधि (अर्थात 2015 से 2018 तक) के लिए लौह अयस्क की आपूर्ति के लिए दीर्घकालिक समझौतों (एलटीए) में शामिल होने की अनुमति दी थी।	0.4208333333333333	0.5906905410873664	0.6158290786051311	0.8866	0.38
912.0	It necessitated construction of some of the largest bridges across rivers like Brahmani, Kathajodi, Kuakhai, Mahanadi (Longest river of odisha) and Birupa.	इसमें ब्राह्मणी, कथाजोड़ी, कुआखाई, महानदी (ओडिशा की सबसे लंबी नदी) और बिरूपा जैसी नदियों के कुछ सबसे बड़े पुलों के निर्माण की आवश्यकता थी।	95.0							इसने ब्रह्मानी, काठाजोड़ी, कुआखाई, महानदी (ओडिशा की सबसे लम्बी नदी) और बिरूपा जैसी नदियों पर कुछ सबसे बड़ी पुलों का निर्माण आवश्यक बनाया।	90.0						badi -> bade	ब्रह्माणी, कठजोड़ी, कुआखाई, महानदी (ओडिशा की सबसे लंबी नदी) और बिरुपा जैसी नदियों पर कुछ सबसे बड़े पुलों के निर्माण की आवश्यकता थी।	100.0							0.9218	0.9216	0.9217	0.9313	0.934	0.9326	0.43	0.68	0.9	1.0	इसने ब्राह्मणी, काठजोड़ी, कुआखाई, महानदी (ओडिशा की सबसे लंबी नदी) और बिरुपा जैसी नदियों के पार कुछ सबसे बड़े पुलों के निर्माण की आवश्यकता उत्पन्न की।	0.632901686012518	0.8544109589041096	0.8285274894271435	0.9478	0.64
961.0	India imports 40 percent of its pulses and 25 percent of its potash requirements from Canada.	भारत 40 प्रतिशत दलहन और 25 प्रतिशत पोटाश की आवश्‍यकता कनाडा से आयात करके पूरी करता है।	100.0							भारत कनाडा से अपनी दालों का 40 प्रतिशत और पोटाश की आवश्यकताओं का 25 प्रतिशत आयात करता है।	100.0							कندا से भारत अपनी 40 प्रतिशत दलहन और 25 प्रतिशत पोटाश आवश्यकताओं का आयात करता है।	95.0						Canada mistranslated	0.8809	0.8712	0.876	0.8784	0.8885	0.8834	0.0	0.42	1.0	0.95	भारत अपनी 40 प्रतिशत दालें और 25 प्रतिशत पोटाश की आवश्यकताएँ कनाडा से आयात करता है।	0.6716495380462991	0.7473477819404083	0.6843770545693622	0.9281	0.35
995.0	Chief Minister Devendra Fadnavis, Bharat Ratna Lata Mangeshkar, veteran actor Amitabh Bachchan and other personalities have also mourned the demise of Khayyam.	महाराष्ट्र के मुख्यमंत्री देवेंद्र फड़णवीस, भारतरत्न लता मंगेशकर, मेगास्टार अमिताभ बच्चन और अन्य हस्तियों ने भी उनके निधन पर शोक व्यक्त किया।	80.0	80.0					Missed Khayyam, added megastar	मुख्यमंत्री देवेंद्र फडणवीस, भारत रत्न लता मंगेशकर, वरिष्ठ अभिनेता अमिताभ बच्चन और अन्य प्रमुख व्यक्तित्वों ने भी खय्याम की मृत्यु पर शोक व्यक्त किया है।	100.0							मुख्यमंत्री देवेंद्र फडणवीस, भारत रत्न लता मंगेशकर, अभिनेता अमिताभ बच्चन और अन्य हस्तियों ने खय्याम के निधन पर शोक व्यक्त किया है।	100.0							0.8874	0.8714	0.8794	0.9053	0.9057	0.9055	0.19	0.38	1.0	1.0	मुख्यमंत्री देवेंद्र फडणवीस, भारत रत्न लता मंगेशकर, वरिष्ठ अभिनेता अमिताभ बच्चन और अन्य हस्तियों ने भी खय्याम के निधन पर शोक व्यक्त किया है।	0.5975308641975308	0.7300275482093663	0.692762399077278	0.9009	0.39
1025.0	Participating in the dialogue Petroleum Minister Dharmendra Pradhan said that India is preparing for a low-carbon energy future with an aim to set up 450 GW of renewable energy capacity by 2030.	बातचीत के दौरान पेट्रोलियम मंत्री धर्मेन्द्र प्रधान ने कहा कि भारत 2030 तक 450 गीगावॉट क्षमता की वैकल्पिक ऊर्जा पैदा करने के लक्ष्य के साथ कम कार्बन वाली ऊर्जा का देश बनने की दिशा में अग्रसर है।	98.0						renewable mistranslated	बातचीत में भाग लेते हुए पेट्रोलियम मंत्री धर्मेंद्र प्रधान ने कहा कि भारत 2030 तक 450 जीडब्ल्यू की नवीनीकरण ऊर्जा क्षमता स्थापित करने का उद्देश्य रखकर एक कम कार्बन ऊर्जा भविष्य के लिए तैयार हो रहा है।	100.0							पेट्रोलियम मंत्री धर्मेंद्र प्रधान ने संवाद में भाग लेते हुए कहा कि भारत 2030 तक 450 जीडब्ल्यू नवीकरणीय ऊर्जा क्षमता स्थापित करने के लक्ष्य के साथ निम्न-कार्बन ऊर्जा भविष्य की तैयारी कर रहा है।	100.0							0.8629	0.866	0.8644	0.8597	0.8651	0.8624	0.25	0.27	1.0	1.0	संवाद में भाग लेते हुए पेट्रोलियम मंत्री धर्मेंद्र प्रधान ने कहा कि भारत 2030 तक 450 GW अक्षय ऊर्जा क्षमता स्थापित करने के लक्ष्य के साथ एक कम-कार्बन ऊर्जा भविष्य की तैयारी कर रहा है।	0.533253294616931	0.5481921029281278	0.5413137098617831	0.8710	0.32
1034.0	The centre will start functioning from this month itself.	यह केंद्र इस माह से कार्य करना आरंभ कर देगा।	98.0						Yah not needed	केंद्र इसी महीने से कार्यान्वित होना शुरू करेगा।	95.0						A bit awkward sentence	इस महीने से ही केंद्र कार्य करना शुरू कर देगा.	100.0							0.8605	0.8329	0.8464	0.8695	0.8612	0.8653	0.0	0.0	0.95	1.0	केंद्र इस महीने से ही कार्य करना शुरू कर देगा।	0.1020408163265306	0.6346938775510204	0.422167216721672	0.8889	0.0
1045.0	Ahmed Ben Bella (Arabic: Amad bin Billah. 25 December 1916 11 April 2012) was an Algerian politician, socialist soldier and revolutionary who was the first President of Algeria from 1963 to 1965.	अहमद बेन बेला (अरबी: أحمد بن بلّة Aḥmad ब्बेन् Billah. 25 दिसंबर 1916 – 11 अप्रैल 2012) एक अल्जीरियाई समाजवादी सैनिक और क्रांतिकारी था, जो अल्जीरिया के पहले राष्ट्रपति बने और 1963 से 1965. रहे।	90.0						missed politician, should have added tak	अहमद बेन बेला (अरबी: अमाद बिन बिल्लाह, 25 दिसंबर 1916 - 11 अप्रैल 2012) एक अल्जीरियाई राजनेता, समाजवादी सैनिक और क्रांतिकारी थे जो 1963 से 1965 तक अल्जीरिया के पहले राष्ट्रपति थे।	98.0						first president with years is awkward	अहमद बेन बेल्ला (अरबी: अमद बिन बिल्लाह, 25 दिसम्बर 1916 - 11 अप्रैल 2012) अल्जीरिया के पहले राष्ट्रपति थे, जिन्होंने 1963 से 1965 तक शासन किया और वे एक अल्जीरियाई राजनीतिज्ञ, समाजवादी सैनिक और क्रांतिकारी थे।	100.0							0.8938	0.9088	0.9013	0.8557	0.8579	0.8568	0.4	0.24	0.98	1.0	अहमद बेन बेला (अरबी: अमद बिन बिल्लाह, 25 दिसंबर 1916 - 11 अप्रैल 2012) एक अल्जीरियाई राजनीतिज्ञ, समाजवादी सैनिक और क्रांतिकारी थे, जो 1963 से 1965 तक अल्जीरिया के पहले राष्ट्रपति थे।	0.6739469186689455	0.6765375068946499	0.593065693430657	0.9042	0.41
1049.0	He had a base price of Rs 20 lakh.	उनका 20 लाख का बेस प्राइस था।	75.0	75.0					base price left	उसकी मूल्य Rs 20 लाख रुपये थी।	80.0	80.0					missed he, missed base, uski -> uska, thi -> tha	उसकी आधार मूल्य 20 लाख रुपये थी।	85.0	85.0					missed he, uski -> uska, thi -> tha	0.721	0.7256	0.7233	0.7252	0.7469	0.7358	0.0	0.0	0.8	0.85	उसकी बेस कीमत 20 लाख रुपये थी।	0.2678571428571428	0.3650793650793651	0.2678571428571428	0.7966	0.0
1051.0	A case of accidental death has been registered by the police and further investigation in the matter is underway.	पुलिस ने दुर्घटनावश मौत का एक मामला दर्ज किया है और मामले में जांच जारी है।	100.0							पुलिस द्वारा एक दुर्घटनाग्रस्त मृत्यु का मामला दर्ज किया गया है और मामले में आगे जांच जारी है।	100.0							पुलिस ने आकस्मिक मृत्यु का मामला दर्ज किया है और इस संबंध में आगे की जांच जारी है।	90.0						accidental mistranslated	0.9197	0.9131	0.9164	0.858	0.8698	0.8639	0.27	0.31	1.0	0.9	पुलिस द्वारा एक आकस्मिक मृत्यु का मामला दर्ज किया गया है और मामले की आगे की जांच जारी है।	0.7630214040470452	0.6901840490797546	0.71394890260631	0.8793	0.0
1066.0	The match will take place at Trent Bridge in Nottingham.	यह मैच नॉटिंघम के ट्रेंट ब्रिज मैदान पर खेला जाएगा।	100.0							मैच नॉटिंघम में ट्रेंट ब्रिज में होगा।	90.0							ट्रेंट ब्रिज, नॉटिंघम में मैच आयोजित होगा।	95.0						ayojit awkward with match	0.8583	0.923	0.8895	0.8423	0.8737	0.8577	0.0	0.0	0.9	0.95	मैच नॉटिंघम के ट्रेंट ब्रिज में होगा।	0.3865979381443298	0.5134020618556702	0.3220663265306122	0.8993	0.4
1068.0	still to decide on reconvening of Parliament for GST Bill Productivity of Rajya Sabha falls to 9% and of Lok Sabha to 60%	जीएसटी विधेयक के लिए संसद की फिर से कार्यवाही पर फैसला करना अभी बाकी राज्‍य सभा की उत्‍पादकता गिरकर 9 प्रतिशत और लोकसभा की 60 प्रतिशत पर आई	90.0						Not exact	पार्लियामेंट को जीएसटी विधेयक के लिए पुनर्संवाद करने पर अब भी निर्णय लेना है, राज्यसभा की उत्पादकता 9% और लोकसभा की 60% तक गिर गई है।	95.0							जीएसटी बिल के लिए संसद के पुनर्गठन पर अभी निर्णय नहीं हुआ, राज्य सभा की उत्पादकता 9% और लोक सभा की 60% हो गई।	100.0							0.8312	0.8066	0.8187	0.8169	0.8374	0.827	0.17	0.0	0.95	1.0	संसद को जीएसटी बिल के लिए फिर से बुलाने का निर्णय अभी तक नहीं हुआ है। राज्यसभा की उत्पादकता घटकर 9% और लोकसभा की 60% रह गई है।	0.3730772624334578	0.4072768475387133	0.3056551174830745	0.8171	0.12
1076.0	Best Debut Director: Konkona Sen Sharma (A death in the Gunj)	बेस्ट डेब्यू डायरेक्टर : कोंकणा सेन शर्मा (अ डेथ इन द गुंज)	75.0	75.0					used English words	सर्वश्रेष्ठ डेब्यू निर्देशक: कोंकणा सेन शर्मा (अ डेथ इन द गंज)।	100.0							सर्वश्रेष्ठ नवोदित निर्देशक: कोंकona सेन शर्मा (गन्ज में एक मौत)	98.0						name partially in English	0.9019	0.9193	0.9105	0.7789	0.7954	0.787	0.58	0.0	1.0	0.98	सर्वश्रेष्ठ डेब्यू निर्देशक: कोंकणा सेन शर्मा (ए डेथ इन द गंज)	0.7722290604302211	0.6914285714285714	0.320863309352518	0.9234	0.38
1084.0	In the case of an intrinsic, you already done this before, log of n versus 1 over T is just a straight line with 1 slope, so this is intrinsic.	में एक आंतरिक (intrinsic) के मामले में, आप पहले से ही यह कर चुके हैं, n बनाम 1 बनाम T के लॉग 1 (log of n versus 1 over T) केवल ढलान वाली सीधी रेखा (straight line with 1 slope) है, इसलिए यह आंतरिक (intrinsic) है।	90.0						gives English hints	एक आंतरिक केस में, आप पहले से ही यह कर चुके हैं, एन की लॉग बनाम टी का 1 ओवर खिसकाव केवल एक सीधी रेखा है जिसका 1 स्लोप है, इसलिए यह आंतरिक है।	70.0	70.0						इन्ट्रिन्सिक के मामले में, आपने पहले यह कर लिया है, लॉग ऑफ एन वर्सस 1 ओवर टी बस एक सीधी रेखा है जिसकी ढाल 1 है, इसलिए यह इन्ट्रिन्सिक है।	100.0							0.7796	0.831	0.8045	0.737	0.7625	0.7495	0.25	0.09	0.7	1.0	"""""""इस वाक्य का हिंदी में अनुवाद है: """"""""यदि यह आंतरिक हो, तो आपने पहले ही इसे किया है, n का लॉग बनाम 1/T एक सीधी रेखा होती है जिसमें ढलान 1 होता है, इसलिए यह आंतरिक है।"""""""""""""""	0.4548278644432489	0.2920715905409782	0.3041510659239191	0.7320	0.1
1089.0	However, there is no firm evidence to suggest this.	हालांकि, इसका सुझाव देने के लिए कोई पुख्ता सबूत नहीं है।	98.0						comma not needed	हालांकि, इसे सुझाने के लिए कोई पक्षपातित साक्ष्य नहीं है।	90.0						Comma not needed, firm evidence not correctly translated	हालाँकि, इस बात का कोई सOLID प्रमाण नहीं है।	85.0	85.0					comma not needed, solid partially in English	0.8825	0.8546	0.8683	0.7757	0.809	0.792	0.0	0.0	0.9	0.85	हालाँकि, यह सुझाव देने के लिए कोई ठोस प्रमाण नहीं है।	0.565083176127594	0.6490885416666666	0.267478813559322	0.8893	0.38
1141.0	Golia is a village located in the Ganjam District of the Indian state of Odisha.	गोलिआ (Golia) भारत के ओड़िशा राज्य के गंजाम ज़िले में स्थित एक गाँव है।	100.0							गोलिया भारतीय राज्य ओडिशा के गंजाम जिले में स्थित एक गाँव है।	100.0							गोलिया ओडिशा राज्य के गंजाम जिले में स्थित एक गांव है।	100.0							0.8498	0.9062	0.8771	0.8195	0.8725	0.8452	0.27	0.0	1.0	1.0	गोलिया भारत के ओडिशा राज्य के गंजाम जिले में स्थित एक गाँव है।	0.4992988782051282	0.628343949044586	0.4338380513495721	0.8994	0.34
1213.0	Under the scheme, 18 SMI projects have been reported to be completed by the State Government of Maharashtra so far out of which 9 projects have been reported to be completed since January2020	इस योजना के तहत, महाराष्ट्र सरकार द्वारा अब तक 18 एसएमआई परियोजनाओं के पूरा होने की सूचना दी गई है, जिनमें से 9 परियोजनाएं जनवरी 2020 के बाद पूरी होने की सूचना है	100.0							इस योजना के तहत, महाराष्ट्र राज्य सरकार द्वारा अब तक 18 एसएमआई परियोजनाएं पूर्ण की गई हैं, जिनमें से 9 परियोजनाएं जनवरी 2020 से पूर्ण की गई हैं।	100.0							योजना के तहत, महाराष्ट्र राज्य सरकार द्वारा अब तक 18 एसएमआई परियोजनाओं को पूरा होने की सूचना दी गई है, जिनमें से जनवरी 2020 से 9 परियोजनाओं को पूरा होने की सूचना दी गई है।	90.0						ko pura -> ki puri	0.8815	0.9263	0.9033	0.9347	0.9417	0.9382	0.43	0.55	1.0	0.9	इस योजना के तहत महाराष्ट्र राज्य सरकार द्वारा अब तक 18 एसएमआई परियोजनाओं को पूरा किया गया बताया गया है, जिनमें से 9 परियोजनाएं जनवरी 2020 से पूरी की गई हैं।	0.6077374535872561	0.6366824767851424	0.7556492057050094	0.9031	0.45
1272.0	Nepal won the match by 10 wickets, reaching 17 for no loss in 0.5 overs.	नेपाल ने 0.5 ओवर में बिना किसी नुकसान के 17 रन बनाकर मैच 10 विकेट से जीत लिया।	100.0							नेपाल ने मैच जीत लिया 10 विकेट से, 0.5 ओवर में 17 रन के नुकसान के बिना पहुंच गया।	80.0	80.0					reaching mistranslated	नेपाल ने 0.5 ओवर्स में बिना किसी नुकसान के 17 रन बनाकर 10 विकेट से मैच जीता।	100.0							0.8935	0.8689	0.881	0.9653	0.9675	0.9664	0.0	0.55	0.8	1.0	नेपाल ने 0.5 ओवर में बिना किसी नुकसान के 17 रन बनाकर 10 विकेट से मैच जीत लिया।	0.7616605616605617	0.9945130315500684	0.8300434512725017	0.9876	0.76
1275.0	The GoM consists of external affairs minister Sushma Swaraj, road transport minister Nitin Gadkari, law minister Ravi Shankar Prasad and social justice and empowerment minister Thawar Chand Gehlot.	जीओएम के सदस्य विदेश मंत्री सुषमा स्वराज, सड़क परिवहन एवं राजमार्ग मंत्री नितिन गडकरी, कानून मंत्री रविशंकर प्रसाद, सामाजिक न्याय मंत्री थावर चंद गहलोत होंगे। जीओएम अपनी अनुशंसा को प्रधानमंत्री को सौंपेगा।	60.0			60.0			Extra sentence	गोएम में विदेश मामले मंत्री सुषमा स्वराज, सड़क परिवहन मंत्री नितिन गडकरी, कानून मंत्री रवि शंकर प्रसाद और सामाजिक न्याय और सशक्तिकरण मंत्री थावर चंद गेहलोट शामिल हैं।	90.0						GoM and affairs mistranslated	गोम में विदेश मंत्री सुषमा स्वराज, सड़क परिवहन मंत्री नितिन गडकरी, विधि मंत्री रवि शंकर प्रसाद और सामाजिक न्याय एवं सशक्तिकरण मंत्री थावर चंद गहलोत शामिल हैं।	90.0						law mistranslated	0.8278	0.871	0.8488	0.8216	0.8838	0.8515	0.32	0.32	0.9	0.9	गोएम में विदेश मंत्री सुषमा स्वराज, सड़क परिवहन मंत्री नितिन गडकरी, कानून मंत्री रवि शंकर प्रसाद और सामाजिक न्याय और अधिकारिता मंत्री थावर चंद गहलोत शामिल हैं।	0.51057850576097	0.554905523255814	0.5450581395348838	0.8719	0.38
1293.0	The phone comes in 8GB RAM + 128GB storage and 12GB RAM + 256GB storage variants, priced at Rs 29,999 and Rs 33,999, respectively.	फोन के 8GB रैम व 128GB स्टोरेज वेरिएंट की कीमत 29,999 रुपये और 12GB रैम व 256GB स्टोरेज वेरिएंट की कीमत 33,999 रुपये रखी गयी है।	100.0							यह फोन 8जीबी रैम + 128जीबी स्टोरेज और 12जीबी रैम + 256जीबी स्टोरेज वेरिएंट्स में आता है, जिनकी कीमत रुपये 29,999 और रुपये 33,999 है।	95.0							फोन 8GB रैम + 128GB स्टोरेज और 12GB रैम + 256GB स्टोरेज वेरिएंट्स में आता है, जिसकी कीमत क्रमशः 29,999 रुपये और 33,999 रुपये है.	100.0							0.811	0.8003	0.8056	0.8658	0.8535	0.8596	0.0	0.0	0.95	1.0	फोन 8GB रैम + 128GB स्टोरेज और 12GB रैम + 256GB स्टोरेज वेरिएंट्स में उपलब्ध है, जिनकी कीमत क्रमशः 29,999 रुपये और 33,999 रुपये है।	0.2307692307692307	0.5606219951923077	0.5311196253724989	0.8605	0.0
1339.0	The body was shifted to Osmania hospital for postmortem.	पोस्टमार्टेम के लिए शव उस्मानिया अस्पताल भेज दिया।	95.0						gaya missing	शव को पोस्टमॉर्टम के लिए ओसमानिया अस्पताल में भेज दिया गया।	90.0							शव को ओसmania अस्पताल में पोस्टमार्टम के लिए स्थानांतरित कर दिया गया।	90.0						Osmania half translated	0.877	0.8605	0.8687	0.8222	0.818	0.8201	0.0	0.0	0.9	0.9	शव को पोस्टमार्टम के लिए उस्मानिया अस्पताल ले जाया गया।	0.4481927710843373	0.5439024390243904	0.3757440476190476	0.9019	0.0
1363.0	Sets out a concrete programme for cooperation, envisaging projects including joint exploration and production of hydrocarbons, long term LNG supplies and joint study of a hydrocarbon pipeline system connecting Russia with India.	सहयोग के लिए एक ठोस कार्यक्रम की रूपरेखा तैयार करता है, हाइड्रोकार्बन के संयुक्‍त उत्‍खनन एवं उत्‍पादन समेत परियोजनाओं, एलएनजी की दीर्घकालिक आपूर्ति और रूस को भारत के साथ जोड़ती एक हाइड्रोकार्बन पाइपलाइन प्रणाली के संयुक्‍त अध्‍ययन की परिकल्‍पना करता है,	100.0							एक सख्त कार्यक्रम का आयोजन करता है जो सहयोग के लिए, संयुक्त खनन और उत्पादन सहित परियोजनाओं की ओर दृष्टि रखता है, दीर्घकालिक एलएनजी आपूर्ति और रूस से भारत को जोड़ने वाले हाइड्रोकार्बन पाइपलाइन सिस्टम का संयुक्त अध्ययन।	90.0							रूस और भारत के बीच हाइड्रोकार्बन पाइपलाइन प्रणाली की संयुक्त अध्ययन सहित हाइड्रोकार्बन के संयुक्त अन्वेषण और उत्पादन, दीर्घकालिक एलएनजी आपूर्ति की परियोजनाओं की परिकल्पना करते हुए सहयोग के लिए एक ठोस कार्यक्रम प्रस्तुत करता है।	100.0							0.8448	0.8501	0.8474	0.854	0.8784	0.866	0.0	0.18	0.9	1.0	सहयोग के लिए एक ठोस कार्यक्रम प्रस्तुत करता है, जिसमें परियोजनाएं शामिल हैं जैसे कि हाइड्रोकार्बन का संयुक्त अन्वेषण और उत्पादन, दीर्घकालिक एलएनजी आपूर्ति, और रूस को भारत से जोड़ने वाली हाइड्रोकार्बन पाइपलाइन प्रणाली का संयुक्त अध्ययन।	0.3538923214545758	0.4246199484418834	0.3408070310495252	0.8772	0.23
1371.0	Union Government led by the Prime Minister Shri Narendra Modi is committed to provide all assistance to the State Government to achieve this goal.	प्रधानमंत्री श्री नरेन्द्र मोदी के नेतृत्व में केंद्र सरकार इस लक्ष्य की प्राप्ति के लिए राज्य सरकार को सभी तरह की सहायता प्रदान करने के लिए प्रतिबद्ध है।	100.0							प्रधानमंत्री श्री नरेंद्र मोदी द्वारा नेतृत संघ सरकार इस लक्ष्य को प्राप्त करने के लिए राज्य सरकार को सभी सहायता प्रदान करने के लिए प्रतिबद्ध है।	100.0							श्री नरेंद्र मोदी के नेतृत्व में केंद्र सरकार राज्य सरकार को इस लक्ष्य को प्राप्त करने के लिए सभी सहायता प्रदान करने के लिए प्रतिबद्ध है।	100.0							0.9288	0.9465	0.9376	0.9296	0.9549	0.9421	0.44	0.47	1.0	1.0	प्रधानमंत्री श्री नरेंद्र मोदी के नेतृत्व वाली केंद्र सरकार इस लक्ष्य को प्राप्त करने के लिए राज्य सरकार को हर संभव सहायता प्रदान करने के लिए प्रतिबद्ध है।	0.677225532593316	0.7449384515711046	0.7723408050419169	0.9574	0.48
1394.0	( b) Why should we be determined not to let the burdens of life push our hope aside?	( ब) क्यों हमने हमारी आशा को ज़िंदगी के बोझ द्वारा न हटा देने का दृढ़निश्‍चय करना चाहिए?	100.0							हमें जीवन की भारों को अपनी आशा को नष्ट करने देने के लिए निश्चित रहना चाहिए क्योंकि?	40.0			40.0				जीवन की बोझिल चीज़ें हमारी उम्मीद को क्यों नहीं दबा देने देनी चाहिए?	50.0			50.0				0.7375	0.8067	0.7705	0.747	0.774	0.7602	0.0	0.0	0.4	0.5	(b) हमें यह दृढ़ संकल्प क्यों करना चाहिए कि जीवन के बोझ हमारी आशा को किनारे न कर दें?	0.215347923681257	0.5060506050605059	0.2197880870561283	0.8182	0.0
1415.0	Additional Director General of Police KN Tiwari, senior police officials, retired police officials, relatives of martyrs and senior citizens were present on the occasion.	इस अवसर पर अतिरिक्त पुलिस महानिदेशक के. एन. तिवारी सहित पुलिस के वरिष्ठ अधिकारी, सेवा निवृत्त पुलिस अधिकारी, शहीदों के परिजन और वरिष्ठ नागरिक भी मौजूद थे।	100.0							अतिरिक्त महानिदेशक पुलिस एवं सीनियर पुलिस अधिकारी केएन तिवारी, सेवानिवृत्त पुलिस अधिकारी, शहीदों के रिश्तेदार और वरिष्ठ नागरिक इस अवसर पर मौजूद थे।	85.0	85.0					misplaced senior	पुलिस महानिदेशक के अतिरिक्त निदेशक जनरल के एन तिवारी, वरिष्ठ पुलिस अधिकारी, सेवानिवृत्त पुलिस अधिकारी, शहीदों के परिजन और वरिष्ठ नागरिक उस अवसर पर उपस्थित थे।	85.0						misplaced additional	0.8809	0.8741	0.8775	0.8884	0.8858	0.8871	0.22	0.36	0.85	0.85	अतिरिक्त महानिदेशक केएन तिवारी, वरिष्ठ पुलिस अधिकारी, सेवानिवृत्त पुलिस अधिकारी, शहीदों के परिजन और वरिष्ठ नागरिक इस अवसर पर उपस्थित थे।	0.6031661184210526	0.6299917491749175	0.7059079861537328	0.9090	0.34
1475.0	Powered by Porsche, Honda, and Mercedes-Benz, McLaren won sixteen championships (seven constructors' and nine drivers') in that period, while Williams used engines from Ford, Honda, and Renault to also win sixteen titles (nine constructors' and seven drivers').	पॉर्श (Porsche), होंडा (Honda) और मर्सिडीज़-बेन्ज़ (Mercedes-Benz) के संचालन में मैकलारेन ने उस अवधि में सोलह चैम्पियनशिप्स (सात निर्माताओं के, नौ ड्राइवरों के) में जीत दर्ज की जबकि विलियम्स ने भी सोलह खिताबों (नौ निर्माताओं, सात ड्राइवरों के) को जीतने के लिए फोर्ड (Ford), होंडा (Honda) और रेनॉल्ट (Renault) के इंजनों का इस्तेमाल किया।	98.0						powered mistranslated	पोर्श, होंडा और मर्सिडीज की शक्ति से, मैक्लारेन उस अवधि में सोलह चैम्पियनशिप जीती (सात कंस्ट्रक्टर्स' और नौ ड्राइवर्स') जबकि विलियम्स भी फोर्ड, होंडा और रेनॉल्ट से इंजन का उपयोग करके सोलह टाइटल (नौ कंस्ट्रक्टर्स' और सात ड्राइवर्स') जीता।	90.0						se -> ke, jeeta -> jeete	पोर्शे, होंडा और मर्सिडीज-बेंज द्वारा संचालित, मैकलारेन ने उस अवधि में सोलह चैम्पियनशिप (सात निर्माता और नौ ड्राइवर) जीते, जबकि विलियम्स ने फोर्ड, होंडा और रेनॉल्ट के इंजनों का उपयोग करके सोलह टाइटल (नौ निर्माता और सात ड्राइवर) जीते।	98.0						powered mistranslated	0.7633	0.8011	0.7817	0.7899	0.8355	0.8121	0.06	0.12	0.9	0.98	पोर्श, होंडा, और मर्सिडीज-बेंज द्वारा संचालित, मैकलेरन ने उस अवधि में सोलह चैंपियनशिप (सात कंस्ट्रक्टर्स' और नौ ड्राइवर्स') जीतीं, जबकि विलियम्स ने फोर्ड, होंडा, और रेनॉल्ट के इंजन का उपयोग करके भी सोलह खिताब (नौ कंस्ट्रक्टर्स' और सात ड्राइवर्स') जीते।	0.244672046348024	0.2961033950617284	0.3570818732824182	0.7919	0.09
1489.0	The Comptroller and Auditor General (CAG) has called into question an investment of Rs 19,576 crore by state PSU Gujarat State Petroleum Corporation (GSPC) in its Krishna Godavari (KG) block project.	भारत के नियंत्रक एवं महालेखापरीक्षक (कैग) ने राज्य सरकार के उपक्रम गुजरात राज्य पेट्रोलियम कॉर्पोरेशन (जीएसपीसी) के कृष्णा गोदावरी बेसिन स्थित ब्लॉक में 19,576 करोड़ रुपए के निवेश को लेकर सवाल उठाया है।	90.0						comptroller mistranslated, project missed	महालेखा और महानिरीक्षक (सीएजी) ने राज्यीय सार्वजनिक क्षेत्र उत्पादन निगम गुजरात राज्य पेट्रोलियम कॉर्पोरेशन (जीएसपीसी) द्वारा उसके कृष्णा गोदावरी (केजी) ब्लॉक परियोजना में 19,576 करोड़ रुपये का निवेश सवालित किया है।	100.0						PSU translated	कंप्ट्रोलर एंड ऑडिटर जनरल (सीएजी) ने राज्य पीएसयू गुजरात स्टेट पेट्रोलियम कॉर्पोरेशन (जीएसपीसी) द्वारा अपने कृष्णा गोदावरी (केजी) ब्लॉक परियोजना में 19,576 करोड़ रुपये के निवेश पर सवाल उठाया है।	100.0						English termes left	0.8822	0.8826	0.8824	0.8559	0.8523	0.8541	0.23	0.21	1.0	1.0	नियंत्रक और महालेखा परीक्षक (CAG) ने राज्य के सार्वजनिक उपक्रम गुजरात स्टेट पेट्रोलियम कॉर्पोरेशन (GSPC) द्वारा अपने कृष्णा गोदावरी (KG) ब्लॉक परियोजना में किए गए 19,576 करोड़ रुपये के निवेश पर प्रश्न उठाया है।	0.4144144144144144	0.476369840249928	0.4847937368262571	0.8829	0.0
1493.0	This panchayat of sub - caste elders had the right to supervise the social interactions especially in taking of food and drink from members of other castes and avoiding sexual contact with members of the so called lower castes.	उप जातियों के वयोवृद्धों की इस पंचायत को सामाजिक अंतर्संबंधों, विशेषकर अन्य जातियों के सदस्यों के हाथ से खाना और पानी लेने एवं तथाकथित नीची जातियों के सदस्यों से यौन संबंध न रखने की दृष्टि से नियंत्रण रखने का अधिकार था।	98.0						interactions mistranslated	इस उप-जाति के पुराने सदस्यों की पंचायत को सामाजिक आचरणों का पर्यवेक्षण करने का अधिकार था, विशेष रूप से दूसरी जातियों के सदस्यों से भोजन और पेय करने के साथ ही उनसे संभोगिक संपर्क से बचने का।	95.0						elders mistranslated. So called missed 	यह उप-जाति के बुजुर्गों की पंचायत को सामाजिक संपर्कों पर निगरानी करने का अधिकार था, विशेष रूप से अन्य जातियों के सदस्यों से भोजन और पेय लेने और तथाकथित निम्न जातियों के सदस्यों के साथ यौन संपर्क से बचने में।	98.0						yah -> iss	0.7992	0.8155	0.8073	0.836	0.8427	0.8393	0.1	0.2	0.95	0.98	इस उप-जाति के बुजुर्गों की पंचायत को सामाजिक संपर्कों की निगरानी करने का अधिकार था, विशेष रूप से अन्य जातियों के सदस्यों से भोजन और पेय ग्रहण करने में और तथाकथित निचली जातियों के सदस्यों के साथ यौन संपर्क से बचने में।	0.3308998100664767	0.4498218527315913	0.438098632534931	0.8300	0.2
1516.0	"""""""""""""""""""""""""""""""""""""""""""""""""""""""""""""""""""""""""""""""""""""""""""""""""""""""""""""""""""""""""""""""The former president said India and Afghanistan share an """"""""""""""""""""""""""""""""""""""""""""""""""""""""""""""""""""""""""""""""""""""""""""""""""""""""""""""""""""""""""""""""amazing and romantic relationship"""""""""""""""""""""""""""""""""""""""""""""""""""""""""""""""""""""""""""""""""""""""""""""""""""""""""""""""""""""""""""""""" which raises expectations to an """"""""""""""""""""""""""""""""""""""""""""""""""""""""""""""""""""""""""""""""""""""""""""""""""""""""""""""""""""""""""""""""unrealistic level""""""""""""""""""""""""""""""""""""""""""""""""""""""""""""""""""""""""""""""""""""""""""""""""""""""""""""""""""""""""""""""""."""""""""""""""""""""""""""""""""""""""""""""""""""""""""""""""""""""""""""""""""""""""""""""""""""""""""""""""""""""""""""""""	पूर्व राष्ट्रपति ने कहा कि भारत और अफगानिस्तान ‘‘शानदार और रोमांटिक संबंध’ साझा करते हैं, जो उम्मीदों को अवास्तविक स्तर तक बढ़ाता है.	100.0							"""""""""""""""""""""""""""""""""""""""""""""""""""""""""""""""पूर्व राष्ट्रपति ने कहा कि भारत और अफगानिस्तान के बीच एक """"""""""""""""""""""""""""""""""""""""""""""""""""""""""""""""अद्भुत और रोमांटिक संबंध"""""""""""""""""""""""""""""""""""""""""""""""""""""""""""""""" है जो उम्मीदों को """"""""""""""""""""""""""""""""""""""""""""""""""""""""""""""""अअवास्तविक स्तर"""""""""""""""""""""""""""""""""""""""""""""""""""""""""""""""" तक उठा देता है।"""""""""""""""""""""""""""""""""""""""""""""""""""""""""""""""	100.0							"""""""""""""""""""""""""""""""""""""""""""""""""""""""""""""""पूर्व राष्ट्रपति ने कहा कि भारत और अफगानिस्तान के बीच """"""""""""""""""""""""""""""""""""""""""""""""""""""""""""""""अद्भुत और रोमांटिक संबंध"""""""""""""""""""""""""""""""""""""""""""""""""""""""""""""""" है जो """"""""""""""""""""""""""""""""""""""""""""""""""""""""""""""""अवास्तविक स्तर"""""""""""""""""""""""""""""""""""""""""""""""""""""""""""""""" पर उम्मीदें बढ़ाता है."""""""""""""""""""""""""""""""""""""""""""""""""""""""""""""""	100.0							0.8628	0.8399	0.8512	0.87	0.8491	0.8594	0.19	0.2	1.0	1.0	"""""""पूर्व राष्ट्रपति ने कहा कि भारत और अफगानिस्तान के बीच एक """"""""शानदार और रोमांटिक संबंध"""""""" है, जो उम्मीदों को """"""""अवास्तविक स्तर"""""""" तक बढ़ा देता है।"""""""	0.4481481826915005	0.6850694444444445	0.4548438217946194	0.8266	0.22
1554.0	Over 11 lakh 70 thousand COVID samples were tested in the country in last 24 hours.	देश में पिछले 24 घंटों के दौरान 11 लाख 70 हजार से अधिक कोविड नमूनों की जांच की गई।	100.0							देश में पिछले 24 घंटों में 11 लाख 70 हजार COVID सैंपल जांचे गए।	100.0						sample left	देश में पिछले 24 घंटों में 11 लाख 70 हज़ार से अधिक कोविड नमूने परीक्षित किए गए।	100.0							0.8846	0.8977	0.8911	0.9323	0.9294	0.9309	0.31	0.31	1.0	1.0	पिछले 24 घंटों में देश में 11 लाख 70 हजार से अधिक COVID नमूनों की जांच की गई।	0.4651317984651318	0.83994708994709	0.5576314401266047	0.9524	0.54
1578.0	While appreciating the efforts of farmers to curb stubble burning, state Secretary Agriculture Kahan Singh Pannu said the government has already launched a massive campaign to check stubble burning.	पुआल जलाने पर नियंत्रण के किसानों के प्रयासों की सराहना करते हुए राज्य के कृषि सचिव कहन सिंह पन्नू ने कहा कि सरकार पहले ही पुआल जलाने पर रोक लगाने के लिए बड़े स्तर पर अभियान शुरू कर चुकी है।	100.0							किसानों के प्रयासों की सराहना करते हुए, राज्य कृषि सचिव कहान सिंह पन्नू ने कहा कि सरकार ने पहले ही एक व्यापक अभियान शुरू किया है ताकि खरपतवार जलाने को रोका जा सके।	85.0	85.0					missed earlier part	किसानों द्वारा पराली जलाने की रोकथाम के प्रयासों की सराहना करते हुए, राज्य के कृषि सचिव कahan सिंह पन्नू ने कहा कि सरकार ने पहले ही पराली जलाने की जांच के लिए एक व्यापक अभियान शुरू कर दिया है।	95.0						Kahan partially translated	0.8743	0.8797	0.877	0.9048	0.9139	0.9094	0.3	0.36	0.85	0.95	किसानों के पराली जलाने पर रोक लगाने के प्रयासों की सराहना करते हुए राज्य कृषि सचिव कहन सिंह पन्नू ने कहा कि सरकार ने पहले ही पराली जलाने की जांच के लिए एक बड़े अभियान की शुरुआत की है।	0.4946936473404929	0.6834725703146757	0.6279492455418382	0.9238	0.48
1585.0	Elected representatives and leaders of the Hindu Panchayat will be included in the committee, The Express Tribune quoted its sources as saying.	'द एक्सप्रेस ट्रिब्यून' ने अपने सूत्रों के हवाले से लिखा है कि इस समिति में चुने हुए प्रतिनिधि और हिंदू पंचायत के नेता भी शामिल होंगे।	100.0						and is ambiguous in the English sentence	हिंदू पंचायत के चुने हुए प्रतिनिधि और नेता समिति में शामिल किए जाएंगे, एक्सप्रेस ट्रिब्यून ने अपने स्रोतों का उल्लेख किया।	100.0							हिन्दू पंचायत के निर्वाचित प्रतिनिधियों और नेताओं को समिति में शामिल किया जाएगा, द एक्सप्रेस ट्रिब्यून ने अपने सूत्रों के हवाले से कहा।	100.0							0.8208	0.8511	0.8357	0.8362	0.8422	0.8392	0.17	0.24	1.0	1.0	منتخب نمائندے اور ہندو پنچایت کے رہنما کمیٹی میں شامل ہوں گے، ایکسپریس ٹریبیون نے اپنے ذرائع کا حوالہ دیتے ہوئے کہا۔	0.5196269261962692	0.0	0.4847826086956521	0.7357	0.0
1593.0	Actor-turned-politician Sunny Deol, Punjab Congress chief Sunil Jakhar and Aam Aadmi Partys Punjab unit chief Bhagwant Mann are among other prominent candidates in the fray.	अभिनेता से नेता बने सनी देओल, पंजाब कांग्रेस के मुखिया सुनील जाखड़ और आप की पंजाब इकाई के प्रमुख भगवंत मान अन्य चर्चित उम्मीदवार हैं।	100.0						party name's acronym given	अभिनेता से राजनीतिज्ञ बने सनी देओल, पंजाब कांग्रेस के अध्यक्ष सुनील जाखड़ और आम आदमी पार्टी के पंजाब इकाई के अध्यक्ष भगवंत मान अन्य प्रमुख उम्मीदवारों में हैं।	100.0							अभिनेता-नेता सनी देओल, पंजाब कांग्रेस प्रमुख सुनील jakhar और आम आदमी पार्टी के पंजाब इकाई प्रमुख भगवंत मान सहित अन्य प्रमुख उम्मीदवार मैदान में हैं।	90.0						missed turned, jakhar left	0.9196	0.9121	0.9158	0.8833	0.8795	0.8814	0.35	0.22	1.0	0.9	अभिनेता से नेता बने सनी देओल, पंजाब कांग्रेस प्रमुख सुनील जाखड़ और आम आदमी पार्टी की पंजाब इकाई के प्रमुख भगवंत मान अन्य प्रमुख उम्मीदवारों में शामिल हैं।	0.7361216730038023	0.7891673779778071	0.5402644230769231	0.9348	0.56
1643.0	Dr Dhananjay Bodas(dsbodasaripune.org, 020-25325127), Scientist, Nanobioscience Group, and Dr PK Dhakephalkar, Director (Officiating), ARI, Pune, (directoraripune.org, pkdhakephalkararipune.org, 020-25325002) can be contacted for further details.]	धनंजय बोडास (dsbodasaripune.org, 020-25325127), वैज्ञानिक, नैनोबायोसिइंस ग्रुप, और डॉ. पीके ढाकेफलकर, निदेशक (कार्यवाहक), एआरआई, पुणे, (directoraripune.org, pkdhakephalkararipune.org, 020-25325002)से संपर्क कर सकते हैं।]	90.0						missed further details, ends awkward	डॉ। धनंजय बोडस (dsbodasaripune.org, 020-25325127), वैज्ञानिक, नैनोबायोसाइंस ग्रुप, और डॉ। पीके ढाकेफलकर, निदेशक (कार्यकारी), एआरआई, पुणे, (directoraripune.org, pkdhakephalkararipune.org, 020-25325002) से अधिक जानकारी के लिए संपर्क किया जा सकता है।	100.0							डॉ. धनंजय बोडास (dsbodasaripune.org, 020-25325127), नैनोबायोसाइंस ग्रुप के वैज्ञानिक, और डॉ. पीके ढाकेफलकर, एआरआई, पुणे के कार्यवाहक निदेशक (directoraripune.org, pkdhakephalkararipune.org, 020-25325002) आगे की जानकारी के लिए संपर्क किया जा सकता है.	95.0						missing se	0.9621	0.9605	0.9613	0.9475	0.9456	0.9466	0.64	0.58	1.0	0.95	डॉ. धनंजय बोडस (dsbodas@aripune.org, 020-25325127), वैज्ञानिक, नैनोबायोसाइंस समूह, और डॉ. पी.के. ढकेफळकर, निदेशक (अधिकारित), एआरआई, पुणे (director@aripune.org, pkdhakephalkar@aripune.org, 020-25325002) से आगे की जानकारी के लिए संपर्क किया जा सकता है।	0.7703993055555556	0.4881358900271429	0.6003623188405798	0.8999	0.37
1644.0	Malik loves the poetry of Allama Iqbal and the writings of Imam Gazali.	मलिक को अल्लामा इक़बाल की शायरी और इमाम गज़ाली की रचनाएँ बहुत पसंद हैं।	98.0						writings mistranslated	मालिक को अल्लामा इक़बाल की कविताएँ और इमाम गज़ाली की लेखनी पसंद है।	98.0						Malik mistranslated, 	मालिक अल्लामा इक़बाल की शायरी और इमाम ग़ज़ाली के लेखन से प्यार करता है.	95.0						Malik mistranslated, loves mistranslated	0.9182	0.9244	0.9213	0.8535	0.8539	0.8537	0.37	0.32	0.98	0.95	मलिक अल्लामा इक़बाल की कविताओं और इमाम ग़ज़ाली की रचनाओं से प्रेम करते हैं।	0.6354916067146283	0.5016741071428571	0.3989361702127659	0.8741	0.0
1645.0	Kareena Kapoor will be seen working with Akshaye Khanna once again.	करीना कपूर एक बार फिर अक्षय कुमार के साथ काम करती नजर आयेगी	90.0						Changed last name	करीना कपूर फिर से अक्षय खन्ना के साथ काम करते हुए दिखाई देगी।	90.0						Poor translation of seen	करीना कपूर एक बार फिर अक्षय खन्ना के साथ काम करती हुई नजर आएंगी।	100.0							0.8203	0.8291	0.8247	0.8956	0.8703	0.8828	0.0	0.54	0.9	1.0	करीना कपूर एक बार फिर से अक्षय खन्ना के साथ काम करती नजर आएंगी।	0.488226059654631	0.8311778436691689	0.8311778436691689	0.8882	0.54
1659.0	He said the police has registered a case and started investigations.	उन्होंने बताया की पुलिस ने मामला दर्ज करके जांच शुरू कर दी है।	100.0							उसने कहा कि पुलिस ने मामला दर्ज किया है और जांच शुरू कर दी है।	100.0							उसने कहा कि पुलिस ने मामला दर्ज कर लिया है और जांच शुरू कर दी है.	100.0							0.9372	0.9398	0.9385	0.9341	0.9341	0.9341	0.41	0.29	1.0	1.0	उसने कहा कि पुलिस ने मामला दर्ज कर लिया है और जांच शुरू कर दी है।	0.6780770669659558	0.6729787431541818	0.5923507462686568	0.9380	0.38
1666.0	Total Staff Strength - 12 Group A - 9, Group B - 1, Group C - 2	स्टाफ की कुल संख्या – 12 ग्रुप 'ए' – 9, ग्रुप 'बी' – 1, ग्रुप 'सी' – 2	100.0							कुल कर्मचारी संख्या - 12 ग्रुप ए - 9, ग्रुप बी - 1, ग्रुप सी - 2	100.0							कुल स्टाफ ताकत - 12 समूह ए - 9, समूह बी - 1, समूह सी - 2	80.0	80.0					strength mistranslated	0.8182	0.8567	0.837	0.733	0.7918	0.7613	0.0	0.0	1.0	0.8	कुल स्टाफ संख्या - 12, समूह A - 9, समूह B - 1, समूह C - 2	0.4798539969347423	0.2709730728103431	0.3157155456832064	0.7466	0.0
1672.0	Bedil died in Delhi where his tomb, Bagh-e-Bedil is located.	बेदिल की दिल्‍ली में मृत्‍यु हुई जहां उनका मकबरा बाग-ए-बेदिल है।	100.0							बेदिल ने दिल्ली में अपनी मौत का अनुभव किया, जहां उनका मकबरा, बाग-ए-बेदिल स्थित है।	80.0	80.0					died poorly trsnslated	बेदिल दिल्ली में मरा जहाँ उसकी कब्र, बाग़े-बेदिल स्थित है.	100.0							0.9233	0.8511	0.8858	0.8119	0.8048	0.8083	0.0	0.0	0.8	1.0	बेदिल की मृत्यु दिल्ली में हुई जहाँ उनकी समाधि बाग-ए-बेदिल स्थित है।	0.4934904996481351	0.3841341341341341	0.09009009009009	0.9182	0.0
1673.0	However, their right to a maternity leave must be protected through administrative/institutional policies.	परंतु, प्रशासनिक/संस्थागत नीतियों के ज़रिए मातृत्व अवकाश के उनके अधिकार की रक्षा सुनिश्चित करनी होगी.	100.0							फिर भी, उनका मातृत्व छुट्टी का अधिकार प्रशासनिक/संस्थागत नीतियों के माध्यम से सुरक्षित रखा जाना चाहिए।	100.0							हालांकि, प्रशासनिक/संस्थागत नीतियों के माध्यम से उनके मातृत्व अवकाश के अधिकार की रक्षा की जानी चाहिए।	90.0						however mistranslated	0.8153	0.8508	0.8327	0.8799	0.918	0.8986	0.21	0.39	1.0	0.9	हालांकि, मातृत्व अवकाश के उनके अधिकार की रक्षा प्रशासनिक/संस्थागत नीतियों के माध्यम से की जानी चाहिए।	0.2508169934640523	0.5226057365094798	0.594555177442878	0.8794	0.51
1674.0	They also found that Arjun's character was portrayed well in this movie.	उन्होंने यह भी पाया कि इस फिल्म में अर्जुन के चरित्र को अच्छी तरह से चित्रित किया गया था।	100.0							उन्होंने यह भी पाया कि इस फिल्म में अर्जुन के किरदार को अच्छी तरह से पेश किया गया था।	100.0							वे यह भी पाया कि इस फिल्म में अर्जुन का किरदार अच्छी तरह से प्रस्तुत किया गया है.	90.0						they mistranslated	0.9513	0.9575	0.9544	0.9327	0.946	0.9393	0.69	0.47	1.0	0.9	उन्होंने यह भी पाया कि इस फिल्म में अर्जुन के चरित्र को अच्छी तरह से चित्रित किया गया था।	0.8922782735385176	0.9999271030762502	0.6800062285892245	1.	1.0
1705.0	They say we have been getting calls from senior BJP leaders who are threatening them.	वे कहते हैं कि हमें वरिष्ठ भाजपा नेताओं से फोन आ रहे हैं जो उन्हें धमकी दे रहे हैं.	100.0							उन्होंने कहा है कि हमें वरिष्ठ भाजपा नेताओं से कॉल आ रही है जो उन्हें धमका रहे हैं।	90.0						rahi -> rahe	वे कहते हैं कि हमें भाजपा के वरिष्ठ नेताओं से फोन आ रहे हैं जो उन्हें धमकी दे रहे हैं।	100.0							0.9333	0.9372	0.9352	0.9782	0.9713	0.9747	0.28	0.71	0.9	1.0	वे कहते हैं कि हमें वरिष्ठ भाजपा नेताओं से फोन आ रहे हैं जो उन्हें धमका रहे हैं।	0.4888888888888889	0.78677398989899	0.8604938271604939	0.9840	0.74
1710.0	PM Narendra Modi has begun his speech in Rajya Sabha.	लोकसभा में प्रधानमंत्री नरेंद्र मोदी का भाषण शुरू हो चुका है।	90.0						made passive	प्रधानमंत्री नरेंद्र मोदी ने राज्यसभा में अपना भाषण शुरू किया है।	90.0						kiya -> kar diya	प्रधानमंत्री नरेंद्र मोदी ने राज्य सभा में अपना भाषण शुरू कर दिया है.	100.0							0.9104	0.9176	0.914	0.911	0.9177	0.9143	0.0	0.0	0.9	1.0	प्रधानमंत्री नरेंद्र मोदी ने राज्यसभा में अपना भाषण शुरू कर दिया है।	0.5769944341372912	0.5717962860820004	0.4977876106194691	0.9144	0.0
1723.0	He will meet party leaders and address public gathering in Punjab.	पंजाब में वह पार्टी के नेताओं से मिलेंगे तथा जनसभाओं को संबोधित करेंगे।	95.0						made plural	उन्होंने पंजाब में पार्टी के नेताओं से मिलने और जनसभा को संबोधित करने की योजना बनाई है।	90.0						added yojna	वह पंजाब में पार्टी नेताओं से मिलेगा और सार्वजनिक सभा को संबोधित करेगा।	90.0						should have used plural	0.8831	0.8733	0.8782	0.8977	0.9224	0.9099	0.19	0.0	0.9	0.9	वह पंजाब में पार्टी नेताओं से मिलेंगे और सार्वजनिक सभा को संबोधित करेंगे।	0.5812733208955224	0.7211538461538461	0.5402644230769231	0.9411	0.0
1726.0	The mobile van has been equipped with ATM, TV screen, cctv camera, sound system and publicity material.	मोबाइल वैन एटीएम, टीवी स्क्रीन, सीसीटीवी कैमरा, ध्वनि प्रणाली और प्रचार सामग्री से सुसज्जित की गई है।	100.0							मोबाइल वैन को एटीएम, टीवी स्क्रीन, सीसीटीवी कैमरा, साउंड सिस्टम और प्रचार सामग्री से लैस किया गया है।	100.0							मोबाइल वैन को एटीएम, टीवी स्क्रीन, सीसीटीवी कैमरा, साउंड सिस्टम और प्रचार सामग्री से सुसज्जित किया गया है।	100.0							0.9052	0.9032	0.9042	0.9426	0.9225	0.9324	0.48	0.54	1.0	1.0	मोबाइल वैन को एटीएम, टीवी स्क्रीन, सीसीटीवी कैमरा, साउंड सिस्टम और प्रचार सामग्री से सुसज्जित किया गया है।	0.739192924267551	0.7898009950248758	0.7898009950248758	0.9324	0.54
1738.0	Accordingly, the Government of Gujarat has undertaken several initiatives in the IT sector.	तदनुसार गुजरात सरकार ने आईटी के क्षेत्र में अनेकानेक पहलें की है।	98.0						hai -> hain	इसके अनुसार, गुजरात सरकार ने आईटी क्षेत्र में कई पहल की है।	98.0						hai -> hain	इसलिए, गुजरात सरकार ने आईटी क्षेत्र में कई पहल शुरू की हैं।	100.0							0.8892	0.8933	0.8912	0.8634	0.8729	0.8681	0.26	0.24	0.98	1.0	तदनुसार, गुजरात सरकार ने आईटी क्षेत्र में कई पहलें की हैं।	0.6437241735537189	0.7170781893004116	0.555742958340361	0.9445	0.3
1745.0	The film will also feature Amitabh Bachchan, Alia Bhatt and Ranbir Kapoor in lead roles.	इस फिल्म में उनके साथ रणबीर कपूर, आलिया भट्ट और अमिताभ बच्चन भी होंगे।	85.0	85.0					added unke saath, missed lead role	फिल्म में अमिताभ बच्चन, आलिया भट्ट और रणबीर कपूर भी मुख्य भूमिकाओं में होंगे।	100.0							फिल्म में अमिताभ बच्चन, आलिया भट्ट और रणबीर कपूर मुख्य भूमिकाओं में नजर आएंगे।	100.0							0.9202	0.9089	0.9145	0.8966	0.8679	0.882	0.26	0.25	1.0	1.0	फिल्म में अमिताभ बच्चन, आलिया भट्ट और रणबीर कपूर भी मुख्य भूमिकाओं में नजर आएंगे।	0.720601851851852	0.6693667560615182	0.625	0.8824	0.23
1815.0	Various cultural programmes were also organised on the occasion.	इस अवसर पर विभिन्न प्रकार के सांस्कृतिक कार्यक्रमों का आयोजन भी किया गया।	100.0							इस मौके पर विभिन्न सांस्कृतिक कार्यक्रम भी आयोजित किए गए थे।	100.0							इस अवसर पर विभिन्न सांस्कृतिक कार्यक्रम भी आयोजित किए गए।	100.0							0.8609	0.8776	0.8691	0.915	0.948	0.9312	0.0	0.22	1.0	1.0	इस अवसर पर विभिन्न सांस्कृतिक कार्यक्रमों का भी आयोजन किया गया।	0.290625	0.8190211776859504	0.4429133858267717	0.9736	0.33
1821.0	India 's tyre exports are around Rs. 1200 - 1300 crores a year.	भारत का टायर निर्यात एक वर्ष में 1200-1300 करोड़ रु. के आस-पास होता है।	100.0							भारत के टायर निर्यात सालाना लगभग ₹1200 - 1300 करोड़ हैं।	90.0						ke -> ka, hain -> hai	भारत के टायर निर्यात सालाना लगभग 1200-1300 करोड़ रुपये हैं।	90.0						ke -> ka, hain -> hai	0.8255	0.878	0.8509	0.8391	0.9049	0.8707	0.0	0.18	0.9	0.9	भारत का टायर निर्यात सालाना लगभग 1200 - 1300 करोड़ रुपये का होता है।	0.2547945205479452	0.3841939460347898	0.3524904214559387	0.8924	0.32
1828.0	India is poised to play a leading role in shaping this new century as an era of peace, prosperity, innovation and growth.	इस नई सदी को शांति, समृद्धि, नवप्रवर्तन और विकास का युग बनाने में भारत, अग्रणी भूमिका निभाने को तैयार है।	98.0						comma not needed	भारत इस नए सदी को शांति, समृद्धि, नवाचार और विकास के युग के रूप में आगे बढ़ने के लिए तैयार है।	85.0	85.0					bdhane -> badhane, missed leading role	भारत इस नए शताब्दी को शांति, समृद्धि, नवाचार और विकास के युग के रूप में आकार देने में अग्रणी भूमिका निभाने के लिए तैयार है।	100.0							0.8223	0.8808	0.8505	0.8925	0.9049	0.8986	0.27	0.22	0.85	1.0	भारत इस नए सदी को शांति, समृद्धि, नवाचार और विकास के युग के रूप में आकार देने में अग्रणी भूमिका निभाने के लिए तैयार है।	0.4170363797692991	0.564058202466507	0.5395299145299145	0.9048	0.27
1832.0	Chief Minister Pinarayi Vijayan described the situation as very grim.	मुख्यमंत्री पिनरायी विजयन ने स्थिति को काफी विकट करार दिया है।	100.0							मुख्यमंत्री पिनारायी विजयन ने स्थिति को बहुत ही गंभीर बताया।	100.0							मुख्यमंत्री पिनारayi विजयन ने स्थिति को बहुत गंभीर बताया।	95.0						name partially in English	0.8838	0.8867	0.8852	0.8634	0.8634	0.8634	0.25	0.25	1.0	0.95	मुख्यमंत्री पिनाराई विजयन ने स्थिति को बहुत गंभीर बताया।	0.4440366972477064	0.4481481481481482	0.4481481481481482	0.8833	0.25
