idx	las	src	tgt	las_score_dbl	src_gt_8_words	tgt_gt_8_words	gpt_3_5_trans	gpt_4o_trans	ollama_trans	gpt_35_bleu_score	gpt_4o_bleu_score	ollama_bleu_score
1	[[0.94119275]]	The police have also arrested two accused.	ਪੁਲਿਸ ਨੇ ਦੋ ਸ਼ੱਕੀਆਂ ਨੂੰ ਗਿ੍ਫ਼ਤਾਰ ਵੀ ਕਰ ਲਿਆ ਹੈ।	0.94119275	False	True	ਪੁਲਿਸ ਨੇ ਇੱਕੋ ਦੋ ਅਪਰਾਧੀਆਂ ਨੂੰ ਗ੍ਰਿਫਤਾਰ ਕੀਤਾ ਹੈ।	ਪੁਲਿਸ ਨੇ ਦੋ ਦੋਸ਼ੀਆਂ ਨੂੰ ਵੀ ਗ੍ਰਿਫ਼ਤਾਰ ਕੀਤਾ ਹੈ।	ਪੁਲਿਸ ਨੇ ਵੀ ਦੋ ਅਰੋਪੀਆਂ ਨੂੰ ਗ੍ਰਿਫਤਾਰ ਕਰ ਲਿਆ ਹੈ।	0.0	0.0	0.0
6	[[0.9097312]]	India was wrapped up on 221 after 49.3 overs.	ਭਾਰਤੀ ਟੀਮ 49.3 ਓਵਰਾਂ 'ਚ 221 ਦੌੜਾਂ ਬਣਾ ਕੇ ਆਲ ਆਊਟ ਹੋ ਗਈ।	0.9097312	True	True	ਭਾਰਤ ਨੂੰ 49.3 ਓਵਰਾਂ ਬਾਅਦ 221 ਰਨ ਤੇ ਬੰਦ ਕਰ ਦਿੱਤਾ ਗਿਆ ਸੀ।	ਭਾਰਤ 49.3 ਓਵਰਾਂ ਵਿੱਚ 221 'ਤੇ ਸਮੇਟਿਆ ਗਿਆ।	ਭਾਰਤ 49.3 ਓਵਰਾਂ ਬਾਅਦ 221 ਤੇ ਸਮੇਟਿਆ ਗਿਆ ਸੀ।	0.0	0.0	0.0
62	[[0.903995]]	It is the last phase of Lok Sabha elections.	ਇਹ ਲੋਕ ਸਭਾ ਚੋਣਾਂ ਦਾ ਆਖ਼ਰੀ ਪੜਾਅ ਹੈ ।	0.903995	True	True	ਲੋਕ ਸਭਾ ਚੋਣਾਂ ਦਾ ਆਖ਼ਰੀ ਚਰਣ ਹੈ।	"""""""ਇਹ ਲੋਕ ਸਭਾ ਚੋਣਾਂ ਦਾ ਆਖਰੀ ਚਰਣ ਹੈ।"""""""	ਲੋਕ ਸਭਾ ਚੋਣਾਂ ਦਾ ਆਖਰੀ ਪੜਾਅ ਹੈ।	0.46	0.27	0.33
77	[[0.94463575]]	Prime Minister's Office PM meets members of JP Morgan International Council PM met with the JP Morgan International Council in New Delhi today.	ਪ੍ਰਧਾਨ ਮੰਤਰੀ ਦਫਤਰ ਪ੍ਰਧਾਨ ਮੰਤਰੀ ਨੇ ਜੇਪੀ ਮੌਰਗਨ ਇੰਟਰਨੈਸ਼ਨਲ ਕੌਂਸਲ ਦੇ ਮੈਂਬਰਾਂ ਨਾਲ ਮੀਟਿੰਗ ਕੀਤੀ ਪ੍ਰਧਾਨ ਮੰਤਰੀ ਨੇ ਅੱਜ ਨਵੀਂ ਦਿੱਲੀ ਵਿੱਚ ਜੇਪੀ ਮੌਰਗਨ ਇੰਟਰਨੈਸ਼ਨਲ ਕੌਂਸਲ ਨਾਲ ਮੀਟਿੰਗ ਕੀਤੀ।	0.94463575	True	True	ਪ੍ਰਧਾਨ ਮੰਤਰੀ ਦਫ਼ਤਰ ਦੇ ਪੀਐਮ ਨੇ ਅੰਤਰਰਾਸ਼ਟਰੀ ਸੰਜ ਮੈਂਬਰਾਂ ਨਾਲ ਮੁਲਾਕਾਤ ਕੀਤੀ। ਪ੍ਰਧਾਨ ਮੰਤਰੀ ਨੇ ਅੱਜ ਨਵੀਂ ਦਿੱਲੀ ਵਿੱਚ JP ਮੋਰਗਨ ਅੰਤਰਾਸ਼ਟਰੀ ਕਾਉਂਸਲ ਨਾਲ ਮੁਲਾਕਾਤ ਕੀਤੀ।	ਪ੍ਰਧਾਨ ਮੰਤਰੀ ਦਫ਼ਤਰ: ਪ੍ਰਧਾਨ ਮੰਤਰੀ ਨੇ ਅੱਜ ਨਵੀਂ ਦਿੱਲੀ ਵਿਚ ਜੇਪੀ ਮੋਰਗਨ ਅੰਤਰਰਾਸ਼ਟਰੀ ਕੌਂਸਲ ਦੇ ਮੈਂਬਰਨਾਲ ਮਿਲਾਕਾਤ ਕੀਤੀ।	ਪ੍ਰਧਾਨ ਮੰਤਰੀ ਦਫ਼ਤਰ ਪੀਐਮ ਜੇਪੀ ਮਾਰਗਨ ਇੰਟਰਨੈਸ਼ਨਲ ਕੌਂਸਲ ਨਾਲ ਮੁਲਾਕਾਤ ਕਰਦਾ ਹੈ ਨਵੀਂ ਦਿੱਲੀ ਵਿੱਚ ਆਜ ਜੇਪੀ ਮਾਰਗਨ ਇੰਟਰਨੈਸ਼ਨਲ ਕੌਂਸਲ ਨਾਲ ਮੁਲਾਕਾਤ ਕੀਤੀ।	0.25	0.19	0.0
81	[[0.91540253]]	The Board of Governor meetings of the Army Welfare Housing Origination (AWHO) and Army Welfare Education Society (AWES) were also organised during the event.	ਆਯੋਜਨ ਦੇ ਦੌਰਾਨ ਆਰਮੀ ਵੇਲਫੇਅਰ ਹਾਊਸਿੰਗ ਔਰਗਨਾਈਜੇਸ਼ਨ ( ਐੱਡਬਿਲਊਏਐੱਚਓ) ਅਤੇ ਆਰਮੀ ਵੇਲਫੇਅਰ ਐਜੂਕੇਸ਼ਨ ਸੋਸਾਇਟੀ (ਏਡਬਲਿਊਈਐੱਸ) ਦੇ ਬੋਰਡ ਆਵ੍ ਗਵਰਨਰ ਦੀਆਂ ਬੈਠਕਾਂ ਦਾ ਵੀ ਆਯੋਜਨ ਕੀਤਾ ਗਿਆ।	0.91540253	True	True	ਆਰਮੀ ਵੈਲਫੇਅਰ ਹਾਊਜ਼ਿੰਗ ਆਰਗੈਨਾਈਜੇਸ਼ਨ (AWHO) ਅਤੇ ਆਰਮੀ ਵੈਲਫੇਅਰ ਏਜੂਕੇਸ਼ਨ ਸੋਸਾਇਟੀ (AWES) ਦੀ ਬੋਰਡ ਆਫ ਗਵਰਨਰ ਮੀਟਿੰਗ ਇਵੈਂਟ ਦੌਰਾਨ ਵੀ ਆਯੋਜਿਤ ਕੀਤੀ ਗਈ ਸਨ।	ਫੌਜੀ ਭਲਾਈ ਹਾਊਸਿੰਗ ਆਰਗਨਾਈਜ਼ੇਸ਼ਨ (AWHO) ਅਤੇ ਫੌਜੀ ਭਲਾਈ ਸਿੱਖਿਆ ਸਮਾਜ (AWES) ਦੀਆਂ ਗਵਰਨਰ ਬੋਰਡ ਦੀਆਂ ਮੀਟਿੰਗਾਂ ਵੀ ਇਸ ਇਵੈਂਟ ਦੌਰਾਨ ਆਯੋਜਿਤ ਕੀਤੀਆਂ ਗਈਆਂ।	ਆਰਮੀ ਵੈਲਫੇਅਰ ਹਾਊਸਿੰਗ ਆਰਗੇਨਾਈਜੇਸ਼ਨ (ਏਡਬਲਯੂਐਚਓ) ਅਤੇ ਆਰਮੀ ਵੈਲਫੇਅਰ ਐਜੂਕੇਸ਼ਨ ਸੋਸਾਇਟੀ (ਏਡਬਲਯੂਈਐਸ) ਦੀਆਂ ਗਵਰਨਰ ਬੋਰਡ ਮੀਟਿੰਗਾਂ ਵੀ ਇਸ ਈਵੈਂਟ ਦੌਰਾਨ ਆਯੋਜਿਤ ਕੀਤੀਆਂ ਸਨ।	0.0	0.0	0.0
101	[[0.9078176]]	There also is uncertainty about an order from Norwegian Air for 92 MAX planes and five 787 planes after four subsidiaries filed for bankruptcy.	ਦੀਵਾਲੀਆਪਣ ਲਈ ਦਾਇਰ ਚਾਰ ਸਹਾਇਕ ਕੰਪਨੀਆਂ ਦੇ ਬਾਅਦ ਨਾਰਵੇਈਅਨ ਏਅਰ ਦੇ 92 ਮੈਕਸ ਜਹਾਜ਼ਾਂ ਅਤੇ ਪੰਜ 787 ਜਹਾਜ਼ਾਂ ਲਈ ਆਰਡਰ ਦੇਣ ਬਾਰੇ ਵੀ ਅਸਪਸ਼ਟਤਾ ਹੈ.	0.9078176	True	True	ਨਾਰਵੇਜ਼ੀਅਨ ਏਅਰ ਨੂੰ 92 ਮੈਕਸ ਪਲੇਨਾਂ ਅਤੇ ਪੰਜ 787 ਪਲੇਨਾਂ ਦੇ ਆਰਡਰ ਦੇ ਬਾਰੇ ਵੀ ਅਸਥਿਰਤਾ ਹੈ ਜਦੋਂ ਚਾਰ ਸਹਾਇਕ ਕੰਪਨੀਆਂ ਦੀ ਦਿਵਾਲੀਆਂ ਕਰਨ ਲਈ ਕੀਤੀ ਗਈ।	ਇਹਨਾਂ ਚਾਰ ਸਹਾਇਕ ਕੰਪਨੀਆਂ ਵੱਲੋਂ ਬੈਂਕਰੱਪਸੀ ਲਈ ਦਰਖ਼ਾਸਤ ਦਾਇਰ ਕਰਨ ਤੋਂ ਬਾਅਦ ਨਾਰਵੇਜੀਅਨ ਏਅਰ ਵੱਲੋਂ 92 ਮੈਕਸ ਜਹਾਜ਼ਾਂ ਅਤੇ ਪੰਜ 787 ਜਹਾਜ਼ਾਂ ਦੇ ਆਰਡਰ ਬਾਰੇ ਵੀ ਅਣਿਸਚਿਤਤਾ ਹੈ।	ਨਾਰਵੇਜਿਅਨ ਏਅਰ ਤੋਂ 92 ਮੈਕਸ ਜਹਾਜ਼ਾਂ ਅਤੇ ਪੰਜ 787 ਜਹਾਜ਼ਾਂ ਦੇ ਆਰਡਰ ਬਾਰੇ ਵੀ ਅਨਿਸ਼ਚਿਤਤਾ ਹੈ ਜਦੋਂ ਚਾਰ ਸਹਾਇਕ ਕੰਪਨੀਆਂ ਨੇ ਦਿਵਾਲੀਆ ਦਾਇਰ ਕੀਤੀ ਹੈ।	0.0	0.3	0.32
109	[[0.9229362]]	In a bid to ensure hassle-free enrolment of farmers, the Ministry of Agriculture and Farmers Welfare provided training to 29,275 officials from banks, insurance companies, Common Service Centres (CSC), State Level Bankers' Committee (SLBC), Village Level Entrepreneurs (VLEs), State and District level Agriculture and ATMA officials etc.	ਕਿਸਾਨਾਂ ਦੇ ਮੁਸ਼ਕਿਲ-ਰਹਿਤ ਦਾਖਲੇ ਨੂੰ ਯਕੀਨੀ ਬਣਾਉਣ ਲਈ, ਖੇਤੀਬਾੜੀ ਅਤੇ ਕਿਸਾਨ ਭਲਾਈ ਮੰਤਰਾਲੇ ਨੇ ਬੈਂਕਾਂ, ਬੀਮਾ ਕੰਪਨੀਆਂ, ਕਾਮਨ ਸਰਵਿਸ ਸੈਂਟਰ (ਸੀਐੱਸਸੀ), ਰਾਜ ਪੱਧਰੀ ਬੈਂਕਰ ਕਮੇਟੀ (ਐੱਸਐਲਬੀਸੀ), ਪਿੰਡ ਪੱਧਰ ਦੇ ਉੱਦਮੀਆਂ, ਰਾਜ ਅਤੇ ਜ਼ਿਲ੍ਹਾ ਪੱਧਰੀ ਖੇਤੀਬਾੜੀ ਅਤੇ ਆਤਮਾ ਅਧਿਕਾਰੀ ਆਦਿ ਦੇ 29,275 ਅਧਿਕਾਰੀਆਂ ਨੂੰ ਸਿਖਲਾਈ ਦਿੱਤੀ।	0.9229362	True	True	ਕਿਸਾਨਾਂ ਦੀ ਹਸਲ ਨਾਲ ਬਿਨਾਂ ਝੱਲਕ ਦੀ ਦਾਖਲਾ ਦੀ ਖਾਤਰੇ ਵਿੱਚ, ਖੇਤੀ ਅਤੇ ਕਿਸਾਨਾਂ ਭਲਾਈ ਮੰਤਰਾਲਯ ਨੇ 29,275 ਬੈਂਕਾਂ, ਇੰਸੂਰੈਂਸ ਕੰਪਨੀਆਂ, ਕਾਮਨ ਸਰਵਿਸ ਸੈਂਟਰ (ਸੀਐਸਸੀ), ਸਟੇਟ ਲੈਵਲ ਬੈਂਕਰਸ' ਕਮੇਟੀ (ਐਸਐਲਬੀਸੀ), ਗਾਂਵ ਲੈਵਲ ਪ੍ਰੇਖਾਰੀ (ਵੀਐਲਈ), ਰਾਜ ਅਤੇ ਜ਼ਿਲ੍ਹਾ ਸੰਤੁਲਨ ਖੇਤੀ ਅਤੇ ਐਟਮਾ ਅਧਿਕਾਰੀਆਂ ਨੂੰ ਸਿਖਲਾਇਆ।	ਕਿਸਾਨਾਂ ਦੀ ਬੇਰੁਕਾਵਟ ਭਰਤੀ ਨੂੰ ਯਕੀਨੀ ਬਣਾਉਣ ਲਈ, ਕਿਸਾਨੀ ਅਤੇ ਕਿਸਾਨ ਭਲਾਈ ਮੰਤਰਾਲੇ ਨੇ 29,275 ਅਧਿਕਾਰੀਆਂ ਨੂੰ ਬੈਂਕਾਂ, ਬੀਮਾ ਕੰਪਨੀਆਂ, ਕਾਮਨ ਸਰਵਿਸ ਸੈਂਟਰ (CSC), ਸਟੇਟ ਲੈਵਲ ਬੈਂਕਰਜ਼ ਕਮੇਟੀ (SLBC), ਪਿੰਡ ਪੱਧਰ ਦੇ ਉਦਮੀ (VLEs), ਰਾਜ ਅਤੇ ਜ਼ਿਲ੍ਹਾ ਪੱਧਰ ਦੇ ਕਿਸਾਨੀ ਅਤੇ ATMA ਅਧਿਕਾਰੀਆਂ ਆਦਿ ਨੂੰ ਪ੍ਰਸ਼ਿਕਸ਼ਣ ਦਿੱਤਾ।	ਕਿਸਾਨਾਂ ਦੇ ਹਸਲੇ ਮੁਕਤ ਰਜਿਸਟਰੇਸ਼ਨ ਨੂੰ ਯਕੀਨੀ ਬਣਾਉਣ ਲਈ, ਖੇਤੀਬਾੜੀ ਅਤੇ ਕਿਸਾਨ ਕਲਿਆਣ ਮੰਤਰਾਲੇ ਨੇ ਬੈਂਕਾਂ, ਬੀਮਾ ਕੰਪਨੀਆਂ, ਕਾਮਨ ਸਰਵਿਸ ਸੈਂਟਰਾਂ (ਸੀਐਸਸੀ), ਸਟੇਟ ਲੈਵਲ ਬੈਂਕਰਜ਼ ਕਮੇਟੀ (ਐਸਐਲਬੀਸੀ), ਪਿੰਡ ਪੱਧਰ ਉਦਯੋਗਪਤੀਆਂ (ਵੀਐਲਈਜ਼), ਸਟੇਟ ਅਤੇ ਜ਼ਿਲ੍ਹਾ ਪੱਧਰ ਖੇਤੀਬਾੜੀ ਅਤੇ ਏਟੀਐਮਏ ਅਧਿਕਾਰੀਆਂ ਆਦਿ ਨੂੰ ਟ੍ਰੇਨਿੰਗ ਪ੍ਰਦਾਨ ਕੀਤੀ।	0.18	0.4	0.36
111	[[0.91166687]]	"""""""""""""""""""""""""""""""Jain personally told me that he had settled a land deal worth Rs 50 crore of Kejriwal's relative."""""""""""""""	’’ ਉਨ੍ਹਾਂ ਕਿਹਾ, ‘‘ਜੈਨ ਨੇ ਮੈਨੂੰ ਨਿੱਜੀ ਤੌਰ ਉਤੇ ਦੱਸਿਆ ਕਿ ਉਸ ਨੇ ਕੇਜਰੀਵਾਲ ਦੇ ਰਿਸ਼ਤੇਦਾਰ ਨਾਲ ਤਕਰੀਬਨ 50 ਕਰੋੜ ਦੇ ਜ਼ਮੀਨੀ ਸੌਦੇ ਦਾ ਨਿਬੇੜਾ ਕੀਤਾ ਹੈ।	0.91166687	True	True	"""""""ਜੈਨ ਨੇ ਮੇਰੇ ਨੂੰ ਪਰਸੋਨਲੀ ਦੱਸਿਆ ਕਿ ਉਸਨੇ ਕੇਜਰੀਵਾਲ ਦੇ ਰਿਸ਼ਤੇਦਾਰ ਦੇ 50 ਕਰੋੜ ਦੀ ਜ਼ਮੀਨ ਦੀ ਡੀਲ ਕਰ ਲਈ ਹੈ।"""""""""""""""""""	ਜੇਨ ਨੇ ਮੈਨੂੰ ਨਿੱਜੀ ਤੌਰ 'ਤੇ ਦੱਸਿਆ ਕਿ ਉਸਨੇ ਕੇਜਰੀਵਾਲ ਦੇ ਰਿਸ਼ਤੇਦਾਰ ਦੀ 50 ਕਰੋੜ ਰੁਪਏ ਦੀ ਜ਼ਮੀਨ ਦੀ ਡੀਲ ਨਿਪਟਾ ਲਈ ਹੈ।	"""""""ਜੈਨ ਨੇ ਨਿੱਜੀ ਤੌਰ 'ਤੇ ਮੇਰੇ ਨਾਲ ਕਿਹਾ ਕਿ ਉਸ ਨੇ ਕੇਜਰੀਵਾਲ ਦੇ ਰਿਸ਼ਤੇਦਾਰ ਦੀ 50 ਕਰੋੜ ਰੁਪਏ ਦੀ ਜ਼ਮੀਨ ਸੌਦਾ ਕਰ ਲਿਆ ਸੀ।"""""""	0.0	0.15	0.2
119	[[0.93246776]]	According to the information, there are approximately 42,000 public school teachers in British Columbia.	ਜਾਣਕਾਰੀ ਮੁਤਾਬਕ, ਬ੍ਰਿਟਿਸ਼ ਕੋਲੰਬੀਆ ‘ਚ ਲਗਭਗ 42,000 ਪਬਲਿਕ ਸਕੂਲ ਅਧਿਆਪਕ ਹਨ।	0.93246776	True	True	ਜਾਣਕਾਰੀ ਅਨੁਸਾਰ, ਬ੍ਰਿਟਿਸ਼ ਕੋਲੰਬੀਆ ਵਿੱਚ ਲਗਭਗ 42,000 ਸਰਕਾਰੀ ਸਕੂਲ ਅਧਿਆਪਕ ਹਨ।	ਜਾਣਕਾਰੀ ਦੇ ਅਨੁਸਾਰ, ਬ੍ਰਿਟਿਸ਼ ਕੋਲੰਬੀਆ ਵਿੱਚ ਤਕਰੀਬਨ 42,000 ਸਰਕਾਰੀ ਸਕੂਲ ਅਧਿਆਪਕ ਹਨ।	ਜਾਣਕਾਰੀ ਅਨੁਸਾਰ, ਬਰਤਾਨਵੀ ਕੋਲੰਬੀਆ ਵਿੱਚ ਲਗਭਗ 42,000 ਜਨਤਕ ਸਕੂਲ ਅਧਿਆਪਕ ਹਨ।	0.0	0.0	0.0
125	[[0.90104234]]	The Finance Ministry has already sent its proposal to the Cabinet.	ਵਿੱਤ ਮੰਤਰਾਲੇ ਨੇ ਆਪਣਾ ਪ੍ਰਸਤਾਵ ਕੈਬਨਿਟ ਨੂੰ ਭੇਜਿਆ ਹੈ।	0.90104234	True	True	ਵਿੱਤ ਮੰਤਰਾਲਯ ਨੇ ਪਹਿਲਾਂ ਹੀ ਕੈਬਿਨਿਟ ਨੂੰ ਆਪਣਾ ਪ੍ਰਸਤਾਵ ਭੇਜਿਆ ਹੈ।	ਵਿੱਤ ਮੰਤਰਾਲੇ ਨੇ ਪਹਿਲਾਂ ਹੀ ਆਪਣਾ ਪ੍ਰਸਤਾਵ ਕੈਬਿਨੇਟ ਨੂੰ ਭੇਜ ਦਿੱਤਾ ਹੈ।	ਵਿੱਤ ਮੰਤਰਾਲੇ ਨੇ ਪਹਿਲਾਂ ਹੀ ਕੈਬਿਨੇਟ ਨੂੰ ਆਪਣਾ ਪ੍ਰਸਤਾਵ ਭੇਜ ਦਿੱਤਾ ਹੈ।	0.0	0.0	0.0
128	[[0.9416896]]	Petrol price was Rs 97 per litre in Mumbai, while diesel cost Rs 88.06 per litre.	ਮੁੰਬਈ ਵਿੱਚ ਪੈਟਰੋਲ ਦੀ ਕੀਮਤ 97 ਰੁਪਏ ਪ੍ਰਤੀ ਲੀਟਰ ਹੋ ਗਈ ਹੈ ਅਤੇ ਡੀਜ਼ਲ 88.06 ਰੁਪਏ ਪ੍ਰਤੀ ਲੀਟਰ ਹੈ।	0.9416896	True	True	ਮੁੰਬਈ ਵਿੱਚ ਪੈਟਰੋਲ ਦੀ ਕੀਮਤ ਪ੍ਰਤੀ ਲੀਟਰ 97 ਰੁਪਈ ਸੀ, ਜਦੋਂ ਕਿ ਡੀਜ਼ਲ ਦੀ ਕੀਮਤ 88.06 ਰੁਪਈ ਪ੍ਰਤੀ ਲੀਟਰ ਸੀ।	ਮੁੰਬਈ ਵਿੱਚ ਪੈਟਰੋਲ ਦੀ ਕੀਮਤ ਪ੍ਰਤੀ ਲੀਟਰ 97 ਰੁਪਏ ਸੀ, ਜਦਕਿ ਡੀਜ਼ਲ ਦੀ ਕੀਮਤ ਪ੍ਰਤੀ ਲੀਟਰ 88.06 ਰੁਪਏ ਸੀ।	ਮੁੰਬਈ ਵਿੱਚ ਪੈਟਰੋਲ ਦੀ ਕੀਮਤ 97 ਰੁਪਏ ਪ੍ਰਤੀ ਲੀਟਰ ਸੀ, ਜਦੋਂ ਕਿ ਡੀਜ਼ਲ ਦੀ ਕੀਮਤ 88.06 ਰੁਪਏ ਪ੍ਰਤੀ ਲੀਟਰ ਸੀ।	0.23	0.28	0.51
136	[[0.91480637]]	Relationship with spouse will be stronger.	ਜੀਵਨ ਸਾਥੀ ਦੇ ਨਾਲ ਪ੍ਰੇਮ ਸੰਬੰਧ ਮਜਬੂਤ ਹੋਣਗੇ ।	0.91480637	False	True	ਪਤੀ ਜਾਣੂ ਵਿਚ ਨਿਕਟਾ ਹੋਵੇਗਾ।	ਜੀਵਨ ਸਾਥੀ ਨਾਲ ਰਿਸ਼ਤਾ ਮਜ਼ਬੂਤ ਹੋਵੇਗਾ।	ਜੀਵਨ ਸਾਥੀ ਨਾਲ ਰਿਸ਼ਤਾ ਵਧੇਰਾ ਹੋਵੇਗਾ।	0.0	0.0	0.0
171	[[0.900735]]	By what means does Christ lead his congregation on earth?	ਮਸੀਹ ਕਿਸ ਦੇ ਜ਼ਰੀਏ ਧਰਤੀ ਉੱਤੇ ਆਪਣੀ ਕਲੀਸਿਯਾ ਦੀ ਅਗਵਾਈ ਕਰਦਾ ਹੈ?	0.900735	True	True	ਕ੍ਰਿਸ਼ਟ ਕਿਵੇਂ ਆਪਣੇ ਸੰਗਤ ਨੂੰ ਧਰਤੀ 'ਤੇ ਲੀਡ ਕਰਦਾ ਹੈ?	ਕਿਸ ਤਰੀਕੇ ਨਾਲ ਮਸੀਹ ਆਪਣੀ ਸੰਗਤ ਨੂੰ ਧਰਤੀ 'ਤੇ ਅਗਵਾਈ ਕਰਦਾ ਹੈ?	ਕ੍ਰਿਸਟ ਧਰਤੀ ਉੱਤੇ ਆਪਣੇ ਸੰਗਤ ਨੂੰ ਕਿਸ ਤਰ੍ਹਾਂ ਨਾਲ ਅਗਵਾਈ ਕਰਦਾ ਹੈ?	0.0	0.23	0.24
174	[[0.90986717]]	The film stars Ranveer Singh, Sonu Sood and Sara Ali Khan in main roles.	ਫਿਲਮ ਦੀ ਸਟਾਰ ਕਾਸਟ ਦੀ ਗਲੱਲ ਕਰੀਏ ਤਾਂ ਰਣਵੀਰ ਸਿੰਘ , ਸਾਰਾ ਅਲੀ ਖਾਨ ਅਤੇ ਸੋਨੂੰ ਸੂਦ ਮੇਨ ਲੀਡ ਰੋਲ ‘ਚ ਹਨ।	0.90986717	True	True	ਫ਼ਿਲਮ ਵਿੱਚ ਮੁੱਖ ਭੂਮਿਕਾਵਾਂ ਵਿੱਚ ਰਣਵੀਰ ਸਿੰਘ, ਸੋਨੂ ਸੂਦ ਅਤੇ ਸਾਰਾ ਅਲੀ ਖਾਨ ਹੈ।	ਫਿਲਮ ਵਿੱਚ ਮੁੱਖ ਭੂਮਿਕਾਵਾਂ ਵਿੱਚ ਰਣਵੀਰ ਸਿੰਘ, ਸੋਨੂ ਸੂਦ ਅਤੇ ਸਾਰਾ ਅਲੀ ਖਾਨ ਹਨ।	ਫਿਲਮ ਵਿੱਚ ਮੁੱਖ ਭੂਮਿਕਾਵਾਂ ਵਿੱਚ ਰਣਵੀਰ ਸਿੰਘ, ਸੋਨੂੰ ਸੂਦ ਅਤੇ ਸਾਰਾ ਅਲੀ ਖਾਨ ਹਨ।	0.0	0.0	0.0
180	[[0.9283234]]	But police had not taken any action.	ਪਰ ਪੁਲਿਸ ਵੱਲੋਂ ਕੋਈ ਢੁੱਕਵੀਂ ਕਾਰਵਾਈ ਨਹੀਂ ਕੀਤੀ ਗਈ।	0.9283234	False	True	ਪਰ ਪੁਲਿਸ ਨੇ ਕੋਈ ਕਾਰਵਾਈ ਨਹੀਂ ਲਈ ਸੀ।	ਪਰ ਪੁਲੀਸ ਨੇ ਕੋਈ ਕਾਰਵਾਈ ਨਹੀਂ ਕੀਤੀ ਸੀ।	ਪੁਲਿਸ ਨੇ ਕੋਈ ਕਾਰਵਾਈ ਨਹੀਂ ਕੀਤੀ ਸੀ।	0.0	0.0	0.0
186	[[0.9170706]]	He said that while Indian Economy has moved from 11th to 5th pedestal from 2014 to 2019, the aim of making India a 5 trillion economy will help India reach the third spot.	ਉਨ੍ਹਾਂ ਨੇ ਕਿਹਾ ਕਿ ਜਿੱਥੇ ਇੱਕ ਪਾਸੇ ਭਾਰਤੀ ਅਰਥਵਿਵਸਥਾ ਸਾਲ 2014 ਤੋਂ ਸਾਲ 2019 ਦਰਮਿਆਨ 11ਵੇਂ ਸਥਾਨ ਤੋਂ ਉੱਤੇ ਆ ਕੇ 5ਵੇਂ ਸਥਾਨ ਉੱਤੇ ਪਹੁੰਚ ਗਈ, ਉੱਥੇ ਹੀ ਦੂਜੇ ਪਾਸੇ ਭਾਰਤ ਨੂੰ 5 ਟ੍ਰਿਲੀਅਨ ਡਾਲਰ ਦੀ ਅਰਥਵਿਵਸਥਾ ਬਣਾਉਣ ਦੇ ਟੀਚੇ ਨਾਲ, ਭਾਰਤ ਨੂੰ ਹੋਰ ਉੱਪਰ ਆ ਕੇ ਤੀਸਰੇ ਸਥਾਨ ਉੱਤੇ ਪਹੁੰਚਣ ਵਿੱਚ ਮਦਦ ਮਿਲੇਗੀ।	0.9170706	True	True	ਉਸਨੇ ਕਿਹਾ ਕਿ ਜਦੋਂ ਭਾਰਤੀ ਅਰਥਵਯਵਸਥਾ 2014 ਤੋਂ 2019 ਵਿੱਚ 11ਵੇਂ ਤੱਕ ਤੋਂ 5ਵੇਂ ਪੱਧਰ 'ਤੇ ਚੱਲੀ ਗਈ ਹੈ, ਤਾਂ ਭਾਰਤ ਨੂੰ 5 ਟਰਿਲੀਅਨ ਅਰਥਵਯਵਸਥਾ ਬਣਾਉਣ ਦਾ ਉਦੇਸ਼ ਤੋਂ ਭਾਰਤ ਨੂੰ ਤੀਜੇ ਸਥਾਨ ਤੱਕ ਪਹੁੰਚਾਉਣ ਵਿੱਚ ਮਦਦ ਮਿਲੇਗੀ।	ਉਸ ਨੇ ਕਿਹਾ ਕਿ ਜਦੋਂ ਕਿ ਭਾਰਤੀ ਅਰਥਵਿਵਸਥਾ 2014 ਤੋਂ 2019 ਤੱਕ 11ਵੇਂ ਸਥਾਨ ਤੋਂ 5ਵੇਂ ਸਥਾਨ ਤੱਕ ਪਹੁੰਚ ਗਈ ਹੈ, ਭਾਰਤ ਨੂੰ 5 ਟ੍ਰਿਲੀਅਨ ਅਰਥਵਿਵਸਥਾ ਬਣਾਉਣ ਦਾ ਲੱਖ ਦਾ ਮਕਸਦ ਭਾਰਤ ਨੂੰ ਤੀਜੇ ਸਥਾਨ ਤੱਕ ਪਹੁੰਚਣ ਵਿੱਚ ਮਦਦ ਕਰੇਗਾ।	ਉਹ ਕਹਿੰਦਾ ਹੈ ਕਿ 2014 ਤੋਂ 2019 ਤੱਕ ਭਾਰਤੀ ਆਰਥਿਕਤਾ ਨੇ 11ਵੇਂ ਤੋਂ 5ਵੇਂ ਪੈਦਲ ਤੱਕ ਯਾਤਰਾ ਕੀਤੀ ਹੈ, ਪਰ ਭਾਰਤ ਨੂੰ 5 ਟ੍ਰਿਲੀਅਨ ਆਰਥਿਕਤਾ ਬਣਾਉਣ ਦਾ ਟੀਚਾ ਭਾਰਤ ਨੂੰ ਤੀਜੇ ਸਥਾਨ ਤੱਕ ਪਹੁੰਚਾਏਗਾ।	0.0	0.13	0.06
235	[[0.9184768]]	But how do you decide which one suits you?	ਪਰ ਤੁਸੀਂ ਕਿਵੇਂ ਫੈਸਲਾ ਲੈਂਦੇ ਹੋ ਕਿ ਕਿਹੜਾ ਤੁਹਾਡੇ ਲਈ ਸਹੀ ਹੈ?	0.9184768	True	True	ਪਰ ਤੁਸੀਂ ਕਿਵੇਂ ਤੁਹਾਡੇ ਲਈ ਕਿਹੜਾ ਸੁਟ ਕਰਦਾ ਹੈ?	ਪਰ ਤੁਸੀਂ ਕਿਵੇਂ ਫੈਸਲਾ ਕਰਦੇ ਹੋ ਕਿ ਕਿਹੜਾ ਤੁਹਾਡੀ ਲਈ ਮੌਜੂਦ ਹੈ?	ਪਰ ਤੁਹਾਡੇ ਲਈ ਕਿਹੜਾ ਚੁਣਿਆ ਹੈ?	0.0	0.32	0.0
251	[[0.90707535]]	An unnatural death case has been registered in this regard.	ਫਿਲਹਾਲ ਇਸ ਸਬੰਧ ਵਿਚ ਗੈਰ ਕੁਦਰਤੀ ਮੌਤ ਦਾ ਕੇਸ ਦਰਜ ਕੀਤਾ ਗਿਆ ਹੈ।	0.90707535	True	True	ਇਸ ਨਾਲ ਇਕ ਅਸਹਜ ਮੌਤ ਦੀ ਮਾਮਲਾ ਦਰਜ ਕੀਤਾ ਗਿਆ ਹੈ।	ਇਸ ਸਬੰਧੀ ਇੱਕ ਅਪ੍ਰਾਕ੍ਰਿਤਕ ਮੌਤ ਦਾ ਮਾਮਲਾ ਦਰਜ ਕੀਤਾ ਗਿਆ ਹੈ।	ਇਸ ਸੰਬੰਧ ਵਿੱਚ ਅਪ੍ਰਾਕ੍ਰਿਤ ਮੌਤ ਦਾ ਕੇਸ ਦਰਜ ਕੀਤਾ ਗਿਆ ਹੈ।	0.22	0.24	0.49
253	[[0.92530406]]	The police has registered a case in this regard earlier.	ਪੁਲਿਸ ਨੇ ਇਸ ਸਬੰਧ 'ਚ ਮਾਮਲਾ ਪਹਿਲੇ ਤੋਂ ਹੀ ਦਰਜ ਕਰ ਲਿਆ ਹੈ।	0.92530406	True	True	ਪੁਲਿਸ ਨੇ ਇਸ ਮੰਗ ਵਿੱਚ ਇੱਕ ਮਾਮਲਾ ਦਰਜ ਕੀਤਾ ਸੀ।	ਪੁਲਿਸ ਨੇ ਇਸ ਸਬੰਧ ਵਿੱਚ ਪਹਿਲਾਂ ਹੀ ਮਾਮਲਾ ਦਰਜ ਕਰ ਲਿਆ ਹੈ।	ਪੁਲਿਸ ਨੇ ਇਸ ਸੰਬੰਧ ਵਿੱਚ ਪਹਿਲਾਂ ਹੀ ਇੱਕ ਕੇਸ ਦਰਜ ਕਰ ਲਿਆ ਹੈ।	0.0	0.41	0.29
266	[[0.9110087]]	India won 5 Gold and 2 Bronze at Guwahati and was declared Team Champion. Russia was 1st Runner Up followed by Kazakhstan.	ਭਾਰਤ ਨੇ ਗੁਹਾਟੀ ਵਿੱਚ 5 ਸੋਨੇ ਦੇ ਅਤੇ 2 ਕਾਂਸੀ ਦੇ ਮੈਡਲ ਜਿੱਤੇ ਸਨ ਅਤੇ ਉਸ ਨੂੰ ਟੀਮ ਚੈਂਪੀਅਨ ਦਾ ਖਿਤਾਬ ਹਾਸਲ ਹੋਇਆ ਸੀ, ਰੂਸ ਨੂੰ ਪਹਿਲਾ ਰਨਰ ਅੱਪ ਅਤੇ ਕਜ਼ਾਕਿਸਤਾਨ ਨੂੰ ਦੂਜਾ ਰਨਰ ਅੱਪ ਐਲਾਨਿਆ ਗਿਆ।	0.9110087	True	True	ਭਾਰਤ ਨੇ ਗੁਵਾਹਟੀ ਵਿੱਚ 5 ਸੋਨੇ ਅਤੇ 2 ਕਾਂਸ਼ ਜਿੱਤੇ ਅਤੇ ਟੀਮ ਚੈਂਪੀਅਨ ਘੋਸ਼ਿਤ ਕੀਤਾ ਗਿਆ। ਰੂਸ ਪਹਿਲਾ ਰਨਰ ਅਪ ਰਹਿਆ ਅਤੇ ਉਸ ਨੂੰ ਕੇਜ਼ਾਖਸਤਾਨ ਨੇ ਫੋਲੋ ਕੀਤਾ।	ਭਾਰਤ ਨੇ ਗੁਵਾਹਾਟੀ ਵਿੱਚ 5 ਸੋਨੇ ਅਤੇ 2 ਕਾਂਸੇ ਜਿੱਤੇ ਅਤੇ ਟੀਮ ਚੈਂਪੀਅਨ ਘੋਸ਼ਿਤ ਕੀਤਾ ਗਿਆ। ਰੂਸ ਪਹਿਲਾ ਰਨਰ ਅੱਪ ਰਿਹਾ ਅਤੇ ਉਸਦੇ ਪਿੱਛੇ ਕਜ਼ਾਕਸਤਾਨ ਸੀ।	ਭਾਰਤ ਨੇ ਗੁਵਾਹਟੀ ਵਿਖੇ 5 ਸੋਨੇ ਅਤੇ 2 ਕਾਂਸੀ ਦੇ ਮੈਡਲ ਜਿੱਤੇ ਅਤੇ ਟੀਮ ਚੈਂਪੀਅਨ ਐਲਾਨਿਆ ਗਿਆ। ਰੂਸ ਪਹਿਲਾ ਅੱਪਰ ਰਨਰ ਅੱਪ ਸੀ ਅਤੇ ਉਸ ਤੋਂ ਬਾਅਦ ਕਜ਼ਾਖਸਤਾਨ ਸੀ।	0.0	0.0	0.2
277	[[0.93197244]]	According to a data, 70 percent of this residue is used in industrial areas and as domestic fuel.	ਅੰਕੜਿਆਂ ਅਨੁਸਾਰ ਇਸ ਰਹਿੰਦ ਖੂਹੰਦ ਦਾ 70 ਫੀਸਦੀ ਹਿੱਸਾ ਸਨਅਤੀ ਖੇਤਰਾਂ ਵਿੱਚ ਅਤੇ ਘਰੇਲੂ ਇੰਧਨ ਦੇ ਤੌਰ ਤੇ ਵਰਤ ਲਿਆ ਜਾਂਦਾ ਹੈ।	0.93197244	True	True	ਇੱਕ ਡੇਟਾ ਅਨੁਸਾਰ, ਇਸ ਬਾਕਾਇ ਦਾ 70 ਫੀਸਦੀ ਉਦਯੋਗਿਕ ਖੇਤਰਾਂ ਵਿੱਚ ਤੇ ਘਰੇਲੂ ਈਂਧਨ ਵਜੋਂ ਵਰਤਿਆ ਜਾਂਦਾ ਹੈ।	ਇਕ ਡਾਟਾ ਦੇ ਅਨੁਸਾਰ, ਇਸ ਬੱਚੇ ਦਾ 70 ਪ੍ਰਤੀਸ਼ਤ ਉਦਯੋਗਿਕ ਖੇਤਰਾਂ ਵਿੱਚ ਅਤੇ ਘਰੇਲੂ ਇੰਧਨ ਵਜੋਂ ਵਰਤਿਆ ਜਾਂਦਾ ਹੈ।	ਡੇਟਾ ਅਨੁਸਾਰ, ਇਸ ਅਵਸ਼ੇਸ਼ ਦਾ 70 ਪ੍ਰਤੀਸ਼ਤ ਉਦਯੋਗਿਕ ਖੇਤਰਾਂ ਅਤੇ ਘਰੇਲੂ ਈਂਧਨ ਵਜੋਂ ਵਰਤਿਆ ਜਾਂਦਾ ਹੈ।	0.0	0.22	0.0
289	[[0.9043893]]	In the match, India won the toss and opted to bat first.	ਮੈਚ ਵਿੱਚ ਭਾਰਤ ਨੇ ਟਾਸ ਜਿੱਤ ਕੇ ਪਹਿਲਾਂ ਬੱਲੇਬਾਜ਼ੀ ਦਾ ਫ਼ੈਸਲਾ ਕੀਤਾ ਹੈ।	0.9043893	True	True	ਮੈਚ ਵਿੱਚ, ਭਾਰਤ ਨੇ ਟਾਸ ਜਿੱਤਿਆ ਅਤੇ ਪਹਿਲਾਂ ਬੈਟਿੰਗ ਚੁਣੀ।	ਮੈਚ ਵਿੱਚ, ਭਾਰਤ ਨੇ ਟੌਸ ਜਿੱਤਿਆ ਅਤੇ ਪਹਿਲਾਂ ਬੱਲੇਬਾਜ਼ੀ ਕਰਨ ਦਾ ਫੈਸਲਾ ਕੀਤਾ।	ਮੈਚ ਵਿੱਚ, ਭਾਰਤ ਨੇ ਟਾਸ ਜਿੱਤਿਆ ਅਤੇ ਪਹਿਲਾਂ ਬੱਲੇਬਾਜ਼ੀ ਕਰਨ ਦਾ ਫੈਸਲਾ ਕੀਤਾ।	0.0	0.0	0.0
291	[[0.93660206]]	But the marriage did not last long.	ਪਰ ਇਹ ਵਿਆਹ ਜ਼ਿਆਦਾ ਚਿਰ ਟਿੱਕ ਨਹੀਂ ਸੱਕਿਆ ।	0.93660206	False	True	ਪਰ ਵਿਆਹ ਲੰਬਾ ਨਹੀਂ ਰਹਿਆ।	ਪਰ ਵਿਆਹ ਜ਼ਿਆਦਾ ਚਿਰ ਨਹੀਂ ਟਿਕਿਆ।	ਪਰ ਵਿਆਹ ਲਈ ਲੰਮਾ ਨਹੀਂ ਚੱਲਿਆ।	0.0	0.0	0.0
296	[[0.9217517]]	He assured Harmanpreet that he would take up the issue of waiver of her employment bond with the railways ministry so that she can join Punjab Police at the earliest, while continuing to pursue with her career as a cricketer.	ਉਨ੍ਹਾਂ ਨੇ ਹਰਮਨਪ੍ਰੀਤ ਕੌਰ ਨੂੰ ਭਰੋਸਾ ਦਿਤਾ ਕਿ ਰੇਲਵੇ ਮੰਤਰਾਲੇ ਨਾਲ ਰੁਜ਼ਗਾਰ ਸਬੰਧੀ ਇਕਰਾਰਨਾਮੇ ਨੂੰ ਖ਼ਤਮ ਕਰਨ ਦਾ ਮਾਮਲਾ ਉਹ ਰੇਲਵੇ ਮੰਤਰਾਲੇ ਕੋਲ ਉਠਾਉਣਗੇ ਤਾਕਿ ਉਹ ਛੇਤੀ ਤੋਂ ਛੇਤੀ ਪੰਜਾਬ ਪੁਲਿਸ ਦੀ ਨੌਕਰੀ ਜੁਆਇਨ ਕਰ ਸਕੇ ਅਤੇ ਇਸ ਦੇ ਨਾਲ ਕ੍ਰਿਕਟਰ ਵਜੋਂ ਉਹ ਅਪਣਾ ਖੇਡ ਕਰੀਅਰ ਜਾਰੀ ਰੱਖੇ।	0.9217517	True	True	ਉਸਨੇ ਹਰਮਨਪ੍ਰੀਤ ਨੂੰ ਯਕੀਨ ਦਿੱਤਾ ਕਿ ਉਹ ਰੇਲਵੇ ਮੰਤਰੀ ਨਾਲ ਉਸਦੀ ਰੋਜਗਾਰ ਬੰਡ ਦੀ ਛੂਟ ਦੀ ਮੁੱਦਾ ਉਠਾਏਗਾ, ਤਾਂ ਕਿ ਉਹ ਸਭ ਤੋਂ ਜਲਦੀ ਪੰਜਾਬ ਪੁਲਿਸ ਵਿੱਚ ਸ਼ਾਮਲ ਹੋ ਸਕੇ, ਜਦੋਂ ਤੱਕ ਉਹ ਕ੍ਰਿਕੇਟਰ ਦੇ ਰੂਪ ਵਿੱਚ ਆਪਣੀ ਕੈਰੀਅਰ ਜਾਰੀ ਰੱਖੇ।	ਉਸਨੇ ਹਰਮਨਪ੍ਰੀਤ ਨੂੰ ਭਰੋਸਾ ਦਵਾਇਆ ਕਿ ਉਹ ਰੇਲਵੇ ਮੰਤਰਾਲੇ ਨਾਲ ਉਸਦੀ ਨੌਕਰੀ ਬਾਂਡ ਮੁਆਫੀ ਦੇ ਮਾਮਲੇ ਨੂੰ ਉਠਾਏਗਾ ਤਾਂ ਕਿ ਉਹ ਜਲਦੀ ਤੋਂ ਜਲਦੀ ਪੰਜਾਬ ਪੁਲਿਸ ਵਿੱਚ ਸ਼ਾਮਲ ਹੋ ਸਕੇ, ਜਦਕਿ ਉਹ ਆਪਣਾ ਕ੍ਰਿਕੇਟ ਕਰੀਅਰ ਜਾਰੀ ਰੱਖ ਸਕੇ।	ਉਸ ਨੇ ਹਰਮਨਪ੍ਰੀਤ ਨੂੰ ਯਕੀਨ ਦਿਲਾਈ ਕਿ ਉਹ ਰੇਲਵੇ ਮੰਤਰਾਲੇ ਨਾਲ ਉਸ ਦੇ ਰੋਜ਼ਗਾਰ ਦੇ ਬੰਦੋਬਸਤ ਦੇ ਮੁਅਫੀ ਦੇ ਮੁੱਦੇ ਨੂੰ ਉਠਾਏਗਾ, ਤਾਂ ਜੋ ਉਹ ਪੰਜਾਬ ਪੁਲਿਸ ਵਿੱਚ ਜਲਦੀ ਤੋਂ ਜਲਦੀ ਸ਼ਾਮਲ ਹੋ ਸਕੇ, ਅਤੇ ਕ੍ਰਿਕਟਰ ਵਜੋਂ ਆਪਣੇ ਕੈਰੀਅਰ ਨੂੰ ਅੱਗੇ ਵਧਾਉਣਾ ਜਾਰੀ ਰੱਖੇਗਾ।	0.0	0.0	0.0
312	[[0.9042144]]	There is a close contest between congress and BJP in Gujarat, Madhya Pradesh and Rajasthan.	ਇਨ੍ਹਾਂ 'ਚ ਗੁਜਰਾਤ, ਮੱਧ ਪ੍ਰਦੇਸ਼ ਤੇ ਰਾਜਸਥਾਨ 'ਚ ਭਾਜਪਾ ਤੇ ਕਾਂਗਰਸ ਵਿਚਕਾਰ ਕਰੀਬੀ ਮੁਕਾਬਲਾ ਹੋਵੇਗਾ।	0.9042144	True	True	ਗੁਜਰਾਤ, ਮਧਿਯ ਪ੍ਰਦੇਸ਼ ਅਤੇ ਰਾਜਸਥਾਨ ਵਿਚ ਕਾਂਗਰਸ ਅਤੇ ਭਾਰਤੀ ਜੰਤਾ ਪਾਰਟੀ ਵਿਚ ਇੱਕ ਨੇਤ ਮੁਕਾਬਲਾ ਹੈ।	ਗੁਜਰਾਤ, ਮੱਧ ਪ੍ਰਦੇਸ਼ ਅਤੇ ਰਾਜਸਥਾਨ ਵਿੱਚ ਕਾਂਗਰਸ ਅਤੇ ਭਾਜਪਾ ਵਿਚਕਾਰ ਕਨਿੱਠੀ ਮੁਕਾਬਲਾ ਹੈ।	ਗੁਜਰਾਤ, ਮੱਧ ਪ੍ਰਦੇਸ਼ ਅਤੇ ਰਾਜਸਥਾਨ ਵਿੱਚ ਕਾਂਗਰਸ ਅਤੇ ਭਾਜਪਾ ਵਿਚਕਾਰ ਕਰੀਬ ਮੁਕਾਬਲਾ ਹੈ।	0.0	0.0	0.0
332	[[0.92958605]]	They currently have no symptoms of the coronavirus.	ਫਿਲਹਾਲ ਉਨ੍ਹਾਂ ਵਿਚ ਕੋਰੋਨਾ ਵਾਇਰਸ ਦੇ ਕੋਈ ਲੱਛਣ ਮੌਜੂਦ ਨਹੀਂ ਹਨ।	0.92958605	False	True	ਉਹ ਮੌਜੂਦਾ ਕੋਰੋਨਾਵਾਇਰਸ ਦੇ ਕੋਈ ਲੱਛਣ ਨਹੀਂ ਹਨ।	ਉਨ੍ਹਾਂ ਨੂੰ ਇਸ ਸਮੇਂ ਕੋਰੋਨਾਵਾਇਰਸ ਦੇ ਕੋਈ ਲੱਛਣ ਨਹੀਂ ਹਨ।	ਉਹਨਾਂ ਕੋਲ ਵਰਤਮਾਨ ਵਿੱਚ ਕੋਰੋਨਾਵਾਇਰਸ ਦੇ ਕੋਈ ਲੱਛਣ ਨਹੀਂ ਹਨ।	0.0	0.0	0.0
335	[[0.9214152]]	Senior Officers from the Ministries of Home Affairs, Defence, Shipping, Power, Telecommunications, Health, IMD, NDMA and NDRF also attended the meeting.	ਗ੍ਰਹਿ ਮੰਤਰਾਲਾ, ਰੱਖਿਆ, ਜਹਾਜ਼ਰਾਨੀ, ਬਿਜਲੀ, ਦੂਰਸੰਚਾਰ, ਸਿਹਤ, ਆਈਐੱਮਡੀ, ਐੱਨਡੀਐੱਮਏ ਅਤੇ ਐੱਨਡੀਆਰਐੱਫ ਮੰਤਰਾਲਿਆਂ ਦੇ ਸੀਨੀਅਰ ਅਧਿਕਾਰੀ ਵੀ ਮੀਟਿੰਗ ਵਿੱਚ ਸ਼ਾਮਲ ਹੋਏ।	0.9214152	True	True	ਗਿਹਰਾ ਅਧਿਕਾਰੀ ਗਰੁੱਪ ਘਰੇਲੂ ਮਾਮਲੇ, ਬੀਰਤੀ, ਜਹਾਜ਼ਾਂ, ਪਾਵਰ, ਟੈਲੀਕੌਮਯੂਨੀਕੇਸ਼ਨ, ਸਿਹਤ, ਆਈਐਮਡੀ, ਐਨ.ਡੀ.ਐਮ.ਏ ਅਤੇ ਐਨ.ਡੀ.ਆਰ.ਐਫ. ਵੀ ਇਸ ਮੀਟਿੰਗ ਵਿੱਚ ਹਾਜਰ ਸੀ।	ਗ੍ਰਹਿ ਮੰਤਰਾਲੇ, ਰੱਖਿਆ, ਸਮੁੰਦਰੀ ਪ੍ਰਵਾਹ, ਬਿਜਲੀ, ਦੂਰਸੰਚਾਰ, ਸਿਹਤ, IMD, NDMA ਅਤੇ NDRF ਦੇ ਸੀਨੀਅਰ ਅਧਿਕਾਰੀ ਵੀ ਮੀਟਿੰਗ ਵਿੱਚ ਸ਼ਾਮਲ ਹੋਏ।	ਗ੍ਰਹਿ ਮਾਮਲਿਆਂ, ਰੱਖਿਆ, ਸਮੁੰਦਰੀ ਆਵਾਜਾਈ, ਬਿਜਲੀ, ਟੈਲੀਕਮਿਊਨੀਕੇਸ਼ਨ, ਸਿਹਤ, ਆਈਐਮਡੀ, ਐਨਡੀਐਮਏ ਅਤੇ ਐਨਡੀਆਰਐਫ ਦੇ ਸੀਨੀਅਰ ਅਫ਼ਸਰ ਵੀ ਮੀਟਿੰਗ ਵਿੱਚ ਸ਼ਾਮਲ ਹੋਏ।	0.0	0.53	0.28
345	[[0.9385028]]	Kareena Kapoor Khan and Aamir Khan have started shooting for their upcoming film Laal Singh Chaddha.	ਆਮਿਰ ਖ਼ਾਨ ਤੇ ਕਰੀਨਾ ਕਪੂਰ ਨੇ ਆਪਣੀ ਆਉਣ ਵਾਲੀ ਫ਼ਿਲਮ ‘ਲਾਲ ਸਿੰਘ ਚੱਢਾ’ ਦੀ ਸ਼ੂਟਿੰਗ ਸ਼ੁਰੂ ਕਰ ਦਿੱਤੀ ਹੈ।	0.9385028	True	True	ਕਰੀਨਾ ਕਪੂਰ ਖਾਨ ਅਤੇ ਆਮਿਰ ਖਾਨ ਨੇ ਆਪਣੇ ਆਉਣ ਵਾਲੇ ਫਿਲਮ ਲਾਲ ਸਿੰਘ ਛੜਾ ਲਈ ਸ਼ੂਟਿੰਗ ਸ਼ੁਰੂ ਕਰ ਦਿੱਤੀ ਹੈ।	"""ਕਰੀਨਾ ਕਪੂਰ ਖ਼ਾਨ ਅਤੇ ਆਮਿਰ ਖ਼ਾਨ ਨੇ ਆਪਣੀ ਆਉਣ ਵਾਲੀ ਫ਼ਿਲਮ """"ਲਾਲ ਸਿੰਘ ਚੱਡਾ"""" ਦੀ ਸ਼ੂਟਿੰਗ ਸ਼ੁਰੂ ਕਰ ਦਿੱਤੀ ਹੈ।"""	ਕਰੀਨਾ ਕਪੂਰ ਖਾਨ ਅਤੇ ਆਮਿਰ ਖਾਨ ਨੇ ਆਪਣੀ ਆਉਣ ਵਾਲੀ ਫਿਲਮ ਲਾਲ ਸਿੰਘ ਚੱਡਾ ਲਈ ਸ਼ੂਟਿੰਗ ਸ਼ੁਰੂ ਕਰ ਦਿੱਤੀ ਹੈ।	0.0	0.16	0.2
355	[[0.923072]]	The police has not been able to solve that case till date.	ਇਸ ਮਾਮਲੇ ਨੂੰ ਹੱਲ ਕਰਨ 'ਚ ਪੁਲਿਸ ਹਾਲੇ ਤਕ ਸਫਲ ਨਹੀਂ ਹੋ ਸਕੀ ਹੈ।	0.923072	True	True	ਪੁਲਿਸ ਨੇ ਅੱਜ ਤੱਕ ਉਹ ਮਾਮਲਾ ਹੱਲ ਨਹੀਂ ਕੀਤਾ ਹੈ।	ਪੁਲਿਸ ਅੱਜ ਤੱਕ ਉਸ ਕੇਸ ਨੂੰ ਹੱਲ ਕਰਨ ਵਿੱਚ ਸਫਲ ਨਹੀਂ ਹੋਈ ਹੈ।	ਪੁਲਿਸ ਉਸ ਕੇਸ ਨੂੰ ਅੱਜ ਤੱਕ ਸੁਲਝਾ ਨਹੀਂ ਸਕੀ।	0.0	0.0	0.0
369	[[0.93838507]]	This can have an adverse effect on your health.	ਇਸ ਨਾਲ ਸਿਹਤ ਉਤੇ ਨਕਾਰਤਮਕ ਅਸਰ ਪੈ ਸਕਦਾ ਹੈ।	0.93838507	True	True	ਇਹ ਤੁਹਾਡੇ ਸਿਹਤ ਉੱਤੇ ਨਕਾਰਾਤਮਕ ਪ੍ਰਭਾਵ ਪਾ ਸਕਦਾ ਹੈ।	ਇਸ ਦਾ ਤੁਹਾਡੀ ਸਿਹਤ 'ਤੇ ਨਕਾਰਾਤਮਕ ਅਸਰ ਪੈ ਸਕਦਾ ਹੈ।	ਇਹ ਤੁਹਾਡੇ ਸਿਹਤ 'ਤੇ ਵਿਪਰੀਤ ਅਸਰ ਪਾ ਸਕਦਾ ਹੈ।	0.0	0.29	0.0
373	[[0.9284951]]	The reason behind the girl's death has not been ascertained yet.	ਲੜਕੀ ਦੀ ਮੌਤ ਦੇ ਕਾਰਨਾਂ ਦੀ ਹਾਲੇ ਤਕ ਪਤਾ ਨਹੀਂ ਲੱਗ ਸਕਿਆ।	0.9284951	True	True	ਕੁੜੀ ਦੀ ਮੌਤ ਦਾ ਕਾਰਨ ਹਾਲ ਵੀ ਤੱਕ ਨਹੀਂ ਪਤਾ ਲੱਗਿਆ।	ਕੁੜੀ ਦੀ ਮੌਤ ਦਾ ਕਾਰਨ ਹਾਲੇ ਤੱਕ ਪਤਾ ਨਹੀਂ ਲਗ ਸਕਿਆ ਹੈ।	ਕੁੜੀ ਦੀ ਮੌਤ ਦਾ ਕਾਰਨ ਅਜੇ ਤੱਕ ਪਤਾ ਨਹੀਂ ਲੱਗਾ।	0.0	0.0	0.0
395	[[0.9011228]]	Popular among youngsters, TikTok has the highest number of users in India, followed by China and the US.	ਨੌਜਵਾਨਾਂ ਵਿਚ ਪ੍ਰਸਿੱਧ, ਟਿਕਟੋਕ ਦੇ ਭਾਰਤ ਵਿਚ ਸਭ ਤੋਂ ਵੱਧ ਉਪਭੋਗਤਾ ਹਨ, ਇਸ ਤੋਂ ਬਾਅਦ ਚੀਨ ਅਤੇ ਯੂ. ਐੱਸ.	0.9011228	True	True	ਨੌਜਵਾਨਾਂ ਵਿੱਚ ਲੋਕਪ੍ਰਿਯ, ਟਿਕਟਾਕ ਦੇ ਭਾਰਤ ਵਿੱਚ ਸਭ ਤੋਂ ਵੱਧ ਵਰਤੋਕਾਂ ਹਨ, ਜਿਸ ਨੂੰ ਚੀਨ ਅਤੇ ਯੂ.ਐਸ. ਨੂੰ ਪਿਆਰ ਕਰਦੇ ਹਨ।	ਜਵਾਨਾਂ ਵਿੱਚ ਲੋਕਪ੍ਰਿਯ, TikTok ਦੇ ਭਾਰਤ ਵਿੱਚ ਸਭ ਤੋਂ ਵੱਧ ਯੂਜ਼ਰ ਹਨ, ਜਿਸ ਤੋਂ ਬਾਅਦ ਚੀਨ ਅਤੇ ਅਮਰੀਕਾ ਦਾ ਨੰਬਰ ਆਉਂਦਾ ਹੈ।	ਨੌਜਵਾਨਾਂ ਵਿੱਚ ਪ੍ਰਸਿੱਧ, ਟਿਕਟੌਕ ਭਾਰਤ ਵਿੱਚ ਸਭ ਤੋਂ ਵੱਧ ਯੂਜ਼ਰਾਂ ਦੀ ਗਿਣਤੀ ਹੈ, ਚੀਨ ਅਤੇ ਯੂਐਸ ਦੇ ਬਾਅਦ।	0.17	0.18	0.0
411	[[0.90558636]]	For a legal victory involving Minos Kokkinakis, see The Watchtower, September 1, 1993, pages 27 - 31.	ਮੀਨੋਸ ਕੋਕੀਨਾਕਿਸ ਦੇ ਮੁਕੱਦਮੇ ਵਿਚ ਜਿੱਤ ਹਾਸਲ ਕਰਨ ਬਾਰੇ ਪਹਿਰਾਬੁਰਜ, 1 ਸਤੰਬਰ 1993, ਸਫ਼ੇ 27 - 31 (ਅੰਗ੍ਰੇਜ਼ੀ) ਦੇਖੋ ।	0.90558636	True	True	ਮਿਨੋਸ ਕੋਕਿਨਾਕਿਸ ਨਾਲ ਕਾਨੂਨੀ ਜੀਤ ਲਈ, ਵੇਚਟਾਵਰ, 1 ਸਤੰਬਰ 1993, ਸਫ਼ਾ 27 - 31 ਵੇਖੋ।	ਮਿਨੋਸ ਕੋਕਿਨਾਕਿਸ ਨਾਲ ਸਬੰਧਿਤ ਕਾਨੂੰਨੀ ਜਿੱਤ ਲਈ, ਵੇਖੋ ਦ ਵਾਚਟਾਵਰ, 1 ਸਤੰਬਰ, 1993, ਪੰਨੇ 27 - 31।	ਮਿਨੋਸ ਕੋਕਕਿਨਾਕਿਸ ਨਾਲ ਸਬੰਧਤ ਕਾਨੂੰਨੀ ਜਿੱਤ ਲਈ, ਦੇਖੋ ਦ ਵਾਚਟਾਵਰ, ਸਤੰਬਰ 1, 1993, ਪੇਜ 27-31.	0.19	0.0	0.0
420	[[0.90100044]]	According to Andrew Lih, the current expansion of Wikipedia to millions of articles would be difficult to envision without the use of such bots.	ਐਂਡਰਿਉ ਲੀਹ ਦੇ ਅਨੁਸਾਰ ਅਜਿਹੇ ਬੋਟਸ ਦਾ ਇਸਤੇਮਾਲ ਕੀਤੇ ਬਿਨਾਂ ਵਿਕੀਪੀਡੀਆ ਦੇ ਮੌਜੂਦਾ ਵਿਸਤਾਰ ਨਾਲ ਲੱਖਾਂ ਲੇਖਾਂ ਦੀ ਕਲਪਨਾ ਕਰਨਾ ਮੁਸ਼ਕਿਲ ਹੋਵੇਗਾ।	0.90100044	True	True	ਅੰਡਰਿਊ ਲਿਹ ਨੁਸਖਾਂ ਵੱਲੋਂ ਵਿਕੀਪੀਡੀਆ ਦੀ ਮੌਜੂਦਾ ਫੈਲਾਉਣ ਨੂੰ ਲੱਖਾਂ ਅਰਟੀਕਲਾਂ ਤੱਕ ਸੋਚਣਾ ਮੁਸ਼ਕਿਲ ਹੋਵੇਗਾ ਬਿਨਾਂ ਇਹਨਾਂ ਬੋਟਾਂ ਦੀ ਵਰਤੋਂ ਦੇ।	ਐਂਡਰੂ ਲਿ੍ਹ ਦੇ ਅਨੁਸਾਰ, ਇਨ੍ਹਾਂ ਬੌਟਾਂ ਦੇ ਇਸਤੇਮਾਲ ਤੋਂ ਬਿਨਾਂ ਵਿਕੀਪੀਡੀਆ ਦੀ ਲੱਖਾਂ ਲੇਖਾਂ ਤੱਕ ਮੌਜੂਦਾ ਵਧੋਤਰੀ ਦੀ ਕਲਪਨਾ ਕਰਨਾ ਮੁਸ਼ਕਲ ਹੋਵੇਗਾ।	ਅੰਡਰਿਊ ਲਿਹ ਅਨੁਸਾਰ, ਵਿਕੀਪੀਡੀਆ ਦੇ ਲੱਖਾਂ ਲੇਖਾਂ ਤੱਕ ਵਿਸਤਾਰ ਇਹਨਾਂ ਬੋਟਸ ਦੀ ਵਰਤੋਂ ਤੋਂ ਬਿਨਾਂ ਕਲਪਨਾ ਕਰਨਾ ਮੁਸ਼ਕਿਲ ਹੋਵੇਗਾ।	0.0	0.0	0.17
424	[[0.9020689]]	See The Watchtower of March 15, 1972, pages 174 - 80.	ਪਹਿਰਾਬੁਰਜ (ਅੰਗ੍ਰੇਜ਼ੀ), 15 ਮਾਰਚ 1972 ਦੇ ਸਫ਼ੇ 174 - 80 ਦੇਖੋ ।	0.9020689	True	True	15 مارچ 1972 دا واچ ٹاور دی کتاب، صفحہ 174 تو 80 ویکھو।	ਮਾਰਚ 15, 1972, ਦੇ ਦ ਵਾਚਟਾਵਰ ਦੇ ਪੰਨੇ 174 - 80 ਵੇਖੋ।	ਮਾਰਚ 15, 1972 ਦੀ ਵਾਚਟਾਵਰ ਨੂੰ ਵੇਖੋ, ਪੇਜ 174 - 80.	0.0	0.0	0.0
426	[[0.90767235]]	The police are conducting raids to catch him.	ਪੁਲਸ ਉਸ ਦੀ ਗ੍ਰਿਫਤਾਰੀ ਲਈ ਛਾਪੇਮਾਰੀ ਕਰ ਰਹੀ ਹੈ।	0.90767235	False	True	ਪੁਲਿਸ ਉਸ ਨੂੰ ਪਕੜਨ ਲਈ ਰੇਡ ਕਰ ਰਹੀ ਹੈ।	ਪੁਲਿਸ ਉਸਨੂੰ ਫੜਨ ਲਈ ਛਾਪੇ ਮਾਰ ਰਹੀ ਹੈ।	ਪੁਲਿਸ ਉਸ ਨੂੰ ਫੜਨ ਲਈ ਛਾਪੇ ਮਾਰ ਰਹੀ ਹੈ।	0.0	0.0	0.0
432	[[0.96282923]]	The couple had four children - three daughters and a son.	ਇਸ ਜੋੜੇ ਦੇ ਚਾਰ ਬੱਚੇ ਸਨ - ਤਿੰਨ ਲੜਕੀਆਂ ਅਤੇ ਇੱਕ ਪੁੱਤਰ।	0.96282923	True	True	ਕੁੜੀ ਸਾਹਮਣੇ ਚਾਰ ਬੱਚੇ ਸੀ - ਤਿੰਨ ਕੁੜੀਆਂ ਅਤੇ ਇੱਕ ਪੁੱਤਰ।	ਉਸ ਜੋੜੇ ਦੇ ਚਾਰ ਬੱਚੇ ਸਨ - ਤਿੰਨ ਧੀਅਾਂ ਅਤੇ ਇੱਕ ਪੁੱਤਰ।	ਜੋੜੇ ਨੇ ਚਾਰ ਬੱਚੇ ਹੋਏ - ਤਿੰਨ ਧੀਆਂ ਅਤੇ ਇੱਕ ਪੁੱਤਰ।	0.0	0.63	0.0
433	[[0.90346634]]	Vice-Chancellor, Baba Farid University of Health Sciences, Faridkot.	ਬਾਬਾ ਫਰੀਦ ਯੂਨੀਵਰਸਿਟੀ ਆਫ ਹੈਲਥ ਸਾਇੰਸਜ਼, ਫਰੀਦਕੋਟ ਦੇ ਉਪ ਕੁਲਪਤੀ ਡਾ.	0.90346634	False	True	ਵਾਈਸ-ਚੈਂਸਲਰ, ਬਾਬਾ ਫਰੀਦ ਯੂਨੀਵਰਸਿਟੀ ਆਫ ਹੈਲਥ ਸਾਇੰਸਸ, ਫਰੀਦਕੋਟ।	ਵਾਇਸ-ਚਾਂਸਲਰ, ਬਾਬਾ ਫਰੀਦ ਯੂਨੀਵਰਸਿਟੀ ਆਫ ਹੈਲਥ ਸਾਇੰਸਜ਼, ਫਰੀਦਕੋਟ।	ਵਾਈਸ ਚਾਂਸਲਰ, ਬਾਬਾ ਫਰੀਦ ਯੂਨੀਵਰਸਿਟੀ ਆਫ਼ ਹੈਲਥ ਸਾਇੰਸਜ਼, ਫਰੀਦਕੋਟ.	0.3	0.47	0.29
437	[[0.9273331]]	1676 new cases 10 deaths reported yesterday.	ਕੱਲ੍ਹ 1676 ਨਵੇਂ ਕੇਸ ਸਾਹਮਣੇ ਆਏ ਅਤੇ 10 ਮੌਤਾਂ ਹੋਈਆਂ।	0.9273331	False	True	ਕੱਲ 1676 ਨਵੇਂ ਮਾਮਲੇ ਅਤੇ 10 ਮੌਤਾਂ ਦੀ ਰਿਪੋਰਟ ਆਈ ਸੀ।	1676 ਨਵੇਂ ਮਾਮਲੇ, 10 ਮੌਤਾਂ ਕੱਲ੍ਹ ਰਿਪੋਰਟ ਕੀਤੀਆਂ ਗਈਆਂ।	ਕਲ ਵਿੱਚ 1676 ਨਵੇਂ ਕੇਸ ਅਤੇ 10 ਮੌਤਾਂ ਦੀ ਰਿਪੋਰਟ ਕੀਤੀ ਗਈ।	0.0	0.0	0.0
448	[[0.9038937]]	It includes the countries of Cambodia, Laos, Myanmar (Burma), Peninsular Malaysia, Thailand and Vietnam.	ਇਸ ਵਿੱਚ ਮਿਆਂਮਾਰ (ਬਰਮਾ), ਥਾਈਲੈਂਡ, ਪ੍ਰਾਇਦੀਪ ਮਲੇਸ਼ੀਆ, ਲਾਓਸ, ਕੰਬੋਡੀਆ ਅਤੇ ਵੀਅਤਨਾਮ ਸ਼ਾਮਲ ਹਨ।	0.9038937	True	True	ਇਸ ਵਿੱਚ ਕੰਬੋਡੀਆ, ਲਾਓਸ, ਮਿਆਂਮਾਰ (ਬਰਮਾ), ਪੈਨੀਂਸੁਲਰ ਮਲੇਸ਼ੀਆ, ਥਾਈਲੈਂਡ ਅਤੇ ਵੀਅਤਨਾਮ ਦੇ ਦੇਸ਼ਾਂ ਸ਼ਾਮਿਲ ਹੈ।	ਇਸ ਵਿੱਚ ਕੰਬੋਡੀਆ, ਲਾਓਸ, ਮਯਾਨਮਾਰ (ਬਰਮਾ), ਪ੍ਰਾਇਦੀਪ ਮਲੇਸ਼ੀਆ, ਥਾਈਲੈਂਡ ਅਤੇ ਵਿਯਤਨਾਮ ਦੇ ਦੇਸ਼ ਸ਼ਾਮਲ ਹਨ।	ਇਹ ਕੈਂਬੋਡੀਆ, ਲਾਓਸ, ਮਿਆਂਮਾਰ (ਬਰਮਾ), ਪੇਨਿਨਸੂਲਰ ਮਲੇਸ਼ੀਆ, ਥਾਈਲੈਂਡ ਅਤੇ ਵੀਅਤਨਾਮ ਦੇਸ਼ਾਂ ਨੂੰ ਸ਼ਾਮਲ ਕਰਦਾ ਹੈ।	0.31	0.34	0.29
453	[[0.9075407]]	"""""""""""""""""""""""""""""""Anyone, who gets flu-like symptoms should immediately contact the nearest control room,"""""""""""""""" the official said."""""""""""""""	"""""""""""""""ਅਧਿਕਾਰੀ ਨੇ ਕਿਹਾ, """"""""""""""""ਜਿਹੜੇ ਵੀ ਵਿਅਕਤੀ 'ਚ ਜ਼ੁਕਾਮ ਵਰਗੇ ਲੱਛਣ ਵਿਖਾਈ ਦੇਣ, ਉਸਨੂੰ ਤੁਰੰਤ ਨਜ਼ਦੀਕੀ ਕੰਟਰੋਲ ਰੂਮ 'ਚ ਸੰਪਰਕ ਕਰਨਾ ਚਾਹੀਦਾ ਹੈ।"""""""""""""""	0.9075407	True	True	"""""""ਜੇ ਵਿਰੋਧੀ ਦੀ ਤਰ੍ਹਾਂ ਫਲੂ ਜਿਵੇਂ ਲੱਗਣ ਵਾਲੇ ਲੱਛਣ ਹਨ, ਤਾਂ ਉਹ ਤੁਰੰਤ ਨੇਅਰਸਟ ਕੰਟਰੋਲ ਰੂਮ ਨਾਲ ਸੰਪਰਕ ਕਰਨ ਚਾਹੀਦਾ ਹੈ,"""" ਅਧਿਕਾਰੀ ਨੇ ਕਿਹਾ।"""""""	"""""""ਜਿਸ ਕਿਸੇ ਨੂੰ ਵੀ ਫਲੂ ਵਰਗੇ ਲੱਛਣ ਦਿਖਾਈ ਦੇਣ, ਉਹ ਤੁਰੰਤ ਨਜ਼ਦੀਕੀ ਕੰਟਰੋਲ ਰੂਮ ਨਾਲ ਸੰਪਰਕ ਕਰੇ,"""" ਅਧਿਕਾਰੀ ਨੇ ਕਿਹਾ।"""	"""""""ਕੋਈ ਵੀ ਜਿਹੜਾ ਫਲੂ ਵਰਗੇ ਲੱਛਣ ਪ੍ਰਾਪਤ ਕਰਦਾ ਹੈ, ਉਹ ਤੁਰੰਤ ਨਜ਼ਦੀਕ ਕੰਟਰੋਲ ਰੂਮ ਨਾਲ ਸੰਪਰਕ ਕਰੇ,"""" ਅਧਿਕਾਰੀ ਨੇ ਕਿਹਾ।"""	0.12	0.14	0.1
539	[[0.9009972]]	These include 14 lakh serving employees and 18 lakh pensioners in defence forces.	ਇਨ੍ਹਾਂ ਵਿੱਚੋਂ 14 ਲੱਖ ਮੁਲਾਜ਼ਮ ਅਤੇ 18 ਲੱਖ ਪੈਨਸ਼ਨਰ ਸੁਰੱਖਿਆ ਦਸਤਿਆਂ ਨਾਲ ਸੰਬੰਧਤ ਹਨ।	0.9009972	True	True	ਇਹਨਾਂ ਵਿੱਚ 14 ਲੱਖ ਸੇਵਾ ਦੇ ਕਰਮਚਾਰੀ ਅਤੇ 18 ਲੱਖ ਪੈਂਸ਼ਨਰ ਸ਼ਾਮਲ ਹਨ।	ਇਨ੍ਹਾਂ ਵਿੱਚ ਰੱਖਿਆ ਬਲਾਂ ਵਿੱਚ 14 ਲੱਖ ਸੇਵਾ ਕਰ ਰਹੇ ਕਰਮਚਾਰੀ ਅਤੇ 18 ਲੱਖ ਪੈਨਸ਼ਨਰ ਸ਼ਾਮਲ ਹਨ।	ਇਹਨਾਂ ਵਿੱਚ 14 ਲੱਖ ਸੇਵਾ ਕਰ ਰਹੇ ਕਰਮਚਾਰੀ ਅਤੇ 18 ਲੱਖ ਫ਼ੌਜੀ ਪੈਨਸ਼ਨਰ ਸ਼ਾਮਲ ਹਨ।	0.0	0.0	0.0
551	[[0.9488386]]	The injured have been taken to nearby hospitals.	ਜ਼ਖਮੀਆਂ ਨੂੰ ਨੇੜਲੇ ਹਸਪਤਾਲਾਂ ਵਿਚ ਦਾਖਲ ਕਰਵਾਇਆ ਗਿਆ ਹੈ।	0.9488386	False	True	ਘਾਈਲਾਂ ਨੂੰ ਨੇੜੇ ਹਸਪਤਾਲਾਂ ਵਿੱਚ ਭਰਵਾ ਦਿੱਤਾ ਗਿਆ ਹੈ।	ਘਾਇਲਾਂ ਨੂੰ ਨੇੜਲੇ ਹਸਪਤਾਲਾਂ ਵਿੱਚ ਲਿਜਾਇਆ ਗਿਆ ਹੈ।	ਜ਼ਖਮੀਆਂ ਨੂੰ ਨੇੜੇ ਦੇ ਹਸਪਤਾਲਾਂ ਵਿੱਚ ਲੈ ਜਾਇਆ ਗਿਆ ਹੈ।	0.0	0.0	0.0
563	[[0.9250059]]	"""""""""""""""The company has also rules regarding online gaming, which prohibit any communication that is indicative of """"""""""""""""hate speech, controversial religious topics and sensitive current or historical events."""""""""""""""""""""""""""""""	"""""""""""""""ਕੰਪਨੀ ਨੇ ਔਨਲਾਈਨ ਗੇਮਿੰਗ ਬਾਰੇ ਵੀ ਨਿਯਮ ਦਿੱਤੇ ਹਨ, ਜੋ ਕਿਸੇ ਵੀ ਸੰਚਾਰ ਨੂੰ ਰੋਕਦਾ ਹੈ ਜੋ """"""""""""""""ਨਫ਼ਰਤ ਭਾਸ਼ਣ, ਵਿਵਾਦਪੂਰਨ ਧਾਰਮਿਕ ਵਿਸ਼ਿਆਂ ਅਤੇ ਸੰਵੇਦਨਸ਼ੀਲ ਮੌਜੂਦਾ ਜਾਂ ਇਤਿਹਾਸਿਕ ਘਟਨਾਵਾਂ ਦਾ ਸੰਕੇਤ ਹੈ""""""""""""""""।"""""""""""""""	0.9250059	True	True	"""ਕੰਪਨੀ ਨੇ ਆਨਲਾਈਨ ਗੇਮਿੰਗ ਨਾਲ ਸੰਬੰਧਿਤ ਵੀ ਨਿਯਮ ਬਣਾਏ ਹਨ, ਜੋ ਕਿ """"""""ਨਫਰਤ ਭਾਸ਼ਾ, ਵਿਵਾਦਿਤ ਧਰਮਿਕ ਵਿਸ਼ੇਸ਼ ਅਤੇ ਸੰਵੇਦਨਸ਼ੀਲ ਮੌਜੂਦਾ ਜਾਂ ਐਤਿਹਾਸਿਕ ਘਟਨਾਵਾਂ ਦੀ ਨਿਸ਼ਾਨ ਦਿੰਦਾ ਹੈ।"""" ਨੂੰ ਰੋਕਣਾ।"""""""""""	"""ਕੰਪਨੀ ਦੇ ਆਨਲਾਈਨ ਗੇਮਿੰਗ ਸੰਬੰਧੀ ਨਿਯਮ ਵੀ ਹਨ, ਜੋ ਇਸ ਗੱਲਬਾਤ ਨੂੰ ਮਨ੍ਹਾ ਕਰਦੇ ਹਨ ਜੋ """"""""ਹੇਟ ਸਪੀਚ, ਵਿਵਾਦਿਤ ਧਾਰਮਿਕ ਵਿਸ਼ੇ ਅਤੇ ਸੰਵੇਦਨਸ਼ੀਲ ਮੌਜੂਦਾ ਜਾਂ ਇਤਿਹਾਸਕ ਘਟਨਾਵਾਂ"""""""" ਦਾ ਸੰਕੇਤ ਦਿੰਦੀ ਹੋਵੇ।"""	"""ਕੰਪਨੀ ਨੇ ਆਨਲਾਈਨ ਗੇਮਿੰਗ ਬਾਰੇ ਵੀ ਨਿਯਮ ਬਣਾਏ ਹਨ, ਜਿਹੜੇ ਕਿਸੇ ਵੀ ਸੰਚਾਰ ਨੂੰ ਰੋਕਦੇ ਹਨ ਜੋ ਕਿ """"ਨਫ਼ਰਤ ਭਾਸ਼ਾ, ਵਿਵਾਦਪੂਰਨ ਧਾਰਮਿਕ ਵਿਸ਼ਿਆਂ ਅਤੇ ਸੰਵੇਦਨਸ਼ੀਲ ਮੌਜੂਦਾ ਜਾਂ ਇਤਿਹਾਸਕ ਘਟਨਾਵਾਂ"""" ਦਾ ਸੰਕੇਤ ਕਰਦੇ ਹਨ।"""	0.17	0.16	0.22
568	[[0.9371481]]	They will pay homage to Mahatma Gandhi at Sabarmati Ashram.	ਉਹ ਸਾਬਰਮਤੀ ਆਸ਼ਰਮ ਵਿੱਚ ਮਹਾਤਮਾ ਗਾਂਧੀ ਨੂੰ ਸ਼ਰਧਾਂਜਲੀ ਦੇਣਗੇ।	0.9371481	True	True	ਉਹ ਸਾਬਰਮਤੀ ਆਸ਼ਰਮ ਵਿੱਚ ਮਹਾਤਮਾ ਗਾਂਧੀ ਨੂੰ ਸਤਕਾਰ ਕਰਨਗੇ।	ਉਹ ਸਬਰਮਤੀ ਆਸ਼ਰਮ ਵਿੱਚ ਮਹਾਤਮਾ ਗਾਂਧੀ ਨੂੰ ਸ਼ਰਧਾਂਜਲੀ ਦੇਣਗੇ।	ਉਹ ਸਬਰਮਤੀ ਆਸ਼ਰਮ ਵਿਖੇ ਮਹਾਤਮਾ ਗਾਂਧੀ ਨੂੰ ਸ਼ਰਧਾਂਜਲੀ ਦੇਣਗੇ।	0.73	0.49	0.47
578	[[0.93388855]]	Prime Minister Narendra Modi condoled his death.	ਪ੍ਰਧਾਨ ਮੰਤਰੀ ਨਰਿੰਦਰ ਮੋਦੀ ਨੇ ਉਨ੍ਹਾਂ ਦੇ ਦਿਹਾਂਤ ‘ਤੇ ਸ਼ੋਕ ਪ੍ਰਗਟ ਕੀਤਾ ਹੈ।	0.93388855	False	True	ਪ੍ਰਧਾਨ ਮੰਤਰੀ ਨਰੇਂਦਰ ਮੋਦੀ ਨੇ ਉਸਦੀ ਮੌਤ ਦੀ ਭਾਵੇਂਦਰ ਪੇਸ਼ਕਸ਼ ਕੀਤੀ।	ਪ੍ਰਧਾਨ ਮੰਤਰੀ ਨਰਿੰਦਰ ਮੋਦੀ ਨੇ ਉਸ ਦੇ ਦਿਹਾਂਤ 'ਤੇ ਦੁੱਖ ਪ੍ਰਗਟਾਇਆ।	ਪ੍ਰਧਾਨ ਮੰਤਰੀ ਨਰੇਂਦਰ ਮੋਦੀ ਨੇ ਉਸ ਦੀ ਮੌਤ ਦੀ ਸ਼ੋਕ ਪ੍ਰਗਟ ਕੀਤੀ।	0.0	0.34	0.0
580	[[0.92542875]]	Meanwhile, local Congress leaders submitted a memorandum to the district collector, demanding that the hotel owner be booked on charges of murder.	ਇਸ ਦਰਮਿਆਨ ਸਥਾਨਕ ਕਾਂਗਰਸ ਨੇਤਾਵਾਂ ਨੇ ਜ਼ਿਲਾ ਕਲੈਕਟਰ ਨੂੰ ਇਕ ਮੰਗ ਪੱਤਰ ਸੌਂਪ ਕੇ ਹੋਟਲ ਮਾਲਕ 'ਤੇ ਕਤਲ ਦਾ ਮਾਮਲਾ ਦਰਜ ਕਰਨ ਦੀ ਮੰਗ ਕੀਤੀ ਹੈ।	0.92542875	True	True	ਇਸ ਵੇਲੇ, ਸਥਾਨਕ ਕਾਂਗਰਸ ਨੇਤਾਂ ਨੇ ਜ਼ਿਲੇ ਕੋਲੈਕਟਰ ਨੂੰ ਇਕ ਮਹਾਰਾਜ ਸਬਦ ਜਮਾ ਕਰਨ ਲਈ ਅਧਿਕਾਰੀ ਦੀ ਮੰਗ ਦੀ।	ਇਸੇ ਦੌਰਾਨ, ਸਥਾਨਕ ਕਾਂਗ੍ਰੇਸ ਨੇਤਾਵਾਂ ਨੇ ਜ਼ਿਲ੍ਹਾ ਕਲੈਕਟਰ ਨੂੰ ਇੱਕ ਮੈਮੋਰੈਂਡਮ ਸੌਂਪਿਆ, ਜਿਸ ਵਿੱਚ ਹੋਟਲ ਮਾਲਕ ਨੂੰ ਕਤਲ ਦੇ ਦੋਸ਼ਾਂ 'ਤੇ ਬੁੱਕ ਕਰਨ ਦੀ ਮੰਗ ਕੀਤੀ ਗਈ।	ਇਸ ਦੌਰਾਨ, ਸਥਾਨਕ ਕਾਂਗਰਸ ਆਗੂਆਂ ਨੇ ਜ਼ਿਲ੍ਹਾ ਕਲੈਕਟਰ ਨੂੰ ਇੱਕ ਮੈਮੋਰੈਂਡਮ ਸੌਂਪਿਆ, ਹੋਟਲ ਮਾਲਕ ਨੂੰ ਕਤਲ ਦੇ ਦੋਸ਼ਾਂ ਤੇ ਕੇਸ ਦਰਜ ਕਰਨ ਦੀ ਮੰਗ ਕੀਤੀ।	0.0	0.13	0.14
587	[[0.9235332]]	India are currently placed at the top of the ICC ODI team rankings with 123 points, while Australia are at second spot with 115 points.	ਆਈਸੀਸੀ ਵਨ ਡੇ ਰੈਂਕਿੰਗ 'ਚ ਭਾਰਤ 123 ਰੇਟਿੰਗ ਅੰਕ ਲੈ ਕੇ ਟਾਪ 'ਤੇ ਹੈ, ਜਦਕਿ ਆਸਟਰੇਲੀਆ 115 ਅੰਕ ਲੈ ਕੇ ਦੂਸਰੇ ਸਥਾਨ 'ਤੇ ਹੈ।	0.9235332	True	True	ਭਾਰਤ ਵੇਖਣ ਲਈ ਹੈਂ ਆਈ.ਸੀ.ਸੀ. ਓ.ਡੀ.ਆਈ. ਟੀਮ ਰੈਂਕਿੰਗ ਵਿੱਚ 123 ਪੁੰਜ, ਜਦ ਕਿ ਆਸਟ੍ਰੇਲੀਆ ਦੂਜੇ ਸਥਾਨ ਤੇ 115 ਪੁੰਜ ਨਾਲ ਹਨ।	ਭਾਰਤ ਇਸ ਸਮੇਂ 123 ਅੰਕਾਂ ਨਾਲ ICC ਦੇ ODI ਟੀਮ ਰੈਂਕਿੰਗ ਵਿੱਚ ਸਿਖਰ 'ਤੇ ਹੈ, ਜਦਕਿ ਆਸਟ੍ਰੇਲੀਆ 115 ਅੰਕਾਂ ਨਾਲ ਦੂਜੇ ਸਥਾਨ 'ਤੇ ਹੈ।	ਭਾਰਤ ਮੌਜੂਦਾ ਆਈਸੀਸੀ ਵਨ ਡੇ ਟੀਮ ਰੈਂਕਿੰਗਜ਼ ਵਿੱਚ 123 ਪੁਆਇੰਟਸ ਨਾਲ ਸਿਖਰ ਤੇ ਹੈ, ਜਦੋਂ ਕਿ ਆਸਟ੍ਰੇਲੀਆ 115 ਪੁਆਇੰਟਸ ਨਾਲ ਦੂਜੇ ਸਥਾਨ ਤੇ ਹੈ।	0.0	0.15	0.0
637	[[0.9120643]]	Violation of the above mentioned provision is a punishable offence with imprisonment or fine as prescribed in Section 20 of the Cigarettes and Other Tobacco Products (Prohibition of Advertisement and Regulation of Trade and Commerce, Production, Supply and Distribution) Act, 2003.	ਉਪਰੋਕਤ ਵਰਣਿਤ ਵਿਵਸਥਾ ਦੀ ਉਲੰਘਣਾ ਇੱਕ ਸਜ਼ਾਯੋਗ ਜੁਰਮ ਹੈ, ਜਿਸ ਅਧੀਨ ’ਸਿਗਰਟਾਂ ਤੇ ਹੋਰ ਤੰਬਾਕੂ ਉਤਪਾਦ (ਇਸ਼ਤਿਹਾਰ ਦੀ ਪਾਬੰਦੀ ਅਤੇ ਵਪਾਰ ਅਤੇ ਵਣਜ, ਉਤਪਾਦਨ, ਸਪਲਾਈ ਤੇ ਵੰਡ ਦਾ ਨਿਯੰਤ੍ਰਣ) ਕਾਨੂੰਨ, 2003’ ਦੇ ਸੈਕਸ਼ਨ 20 ਵਿੱਚ ਦੱਸੇ ਮੁਤਾਬਕ ਕੈਦ ਜਾਂ ਜੁਰਮਾਨਾ ਹੋ ਸਕਦਾ ਹੈ।	0.9120643	True	True	ਉੱਪਰ ਦਿੱਤੇ ਗਏ ਧਾਰਣਾ ਦੀ ਉਲੰਘਣਾ ਇੱਕ ਦੰਦਨੀ ਅਪਰਾਧ ਹੈ ਜਿਸ ਦਾ ਸਜ਼ਾ ਕਢ਼ੀਆਂ ਜਾਣ ਵਾਲੇ ਜੇਲ ਜਾਂ ਜ਼ਾਬਤ ਦੀ ਸਾਰਵਜਨਿਕ ਵਿਗਯਪਤੀ ਅਤੇ ਮਿਆਦ ਦੀ ਸਖਤੋਤ ਦੀ ਕਾਨੂੰਨ, 2003 ਦੇ ਧਾਰਾ 20 ਵਿੱਚ ਨਿਰਧਾਰਿਤ ਹੈ।	ਉਪਰੋਕਤ ਪ੍ਰਾਵਧਾਨ ਦੀ ਉਲੰਘਣਾ ਇੱਕ ਦੰਡਨੀਆਂ ਜੁਰਮ ਹੈ, ਜਿਸ ਵਿੱਚ ਕੈਦ ਜਾਂ ਜੁਰਮਾਨਾ ਹੋ ਸਕਦਾ ਹੈ, ਜਿਵੇਂ ਕਿ 2003 ਦੇ ਸਿਗਰਟ ਅਤੇ ਹੋਰ ਤਮਾਕੂ ਉਤਪਾਦ (ਵਿਗਿਆਪਨ ਦੀ ਮਨਾਈ ਅਤੇ ਵਪਾਰ ਅਤੇ ਵਪਾਰ, ਉਤਪਾਦਨ, ਸਪਲਾਈ ਅਤੇ ਵੰਡ ਦੇ ਨਿਯਮ) ਐਕਟ ਦੀ ਧਾਰਾ 20 ਵਿੱਚ ਦਰਸਾਇਆ ਗਿਆ ਹੈ।	ਉਪਰੋਕਤ ਸ਼ਰਤ ਦੀ ਉਲੰਘਣਾ ਸਜ਼ਾ ਯੋਗ ਅਪਰਾਧ ਹੈ ਜਿਸ ਵਿੱਚ 2003 ਦੇ ਸਿਗਰੇਟ ਅਤੇ ਹੋਰ ਤੰਬਾਕੂ ਉਤਪਾਦਾਂ (ਵਿਗਿਆਪਨ ਦੀ ਮਨਾਹੀ ਅਤੇ ਵਪਾਰ, ਵਣਜ ਅਤੇ ਵੰਡ ਦੀ ਰੈਗੂਲੇਸ਼ਨ) ਐਕਟ ਦੀ ਧਾਰਾ 20 ਵਿੱਚ ਕੈਦ ਜਾਂ ਜੁਰਮਾਨਾ ਦੀ ਵਿਵਸਥਾ ਕੀਤੀ ਗਈ ਹੈ।	0.0	0.23	0.0
647	[[0.93031156]]	However, the doctors declared him dead on arrival.	ਹਾਲਾਂਕਿ ਉੱਥੇ ਪਹੁੰਚਣ 'ਤੇ ਡਾਕਟਰਾਂ ਨੇ ਉਸ ਨੂੰ ਮ੍ਰਿਤ ਐਲਾਨ ਦਿੱਤਾ।	0.93031156	False	True	ਪਰ, ਜ਼ਰੂਰੀਅਤ 'ਤੇ ਡਾਕਟਰਾਂ ਨੇ ਉਸਨੂੰ ਮਰਜਾਣੂ ਘੋਸ਼ਿਤ ਕਰ ਦਿੱਤਾ।	ਹਾਲਾਂਕਿ, ਡਾਕਟਰਾਂ ਨੇ ਉਸਨੂੰ ਆਉਣ ਤੇ ਮ੍ਰਿਤ ਘੋਸ਼ਿਤ ਕਰ ਦਿੱਤਾ।	ਪਰ ਡਾਕਟਰਾਂ ਨੇ ਉਸ ਨੂੰ ਆਉਣ ਤੇ ਮ੍ਰਿਤ ਘੋਸ਼ਿਤ ਕਰ ਦਿੱਤਾ।	0.0	0.0	0.26
729	[[0.9038899]]	Why can we have complete confidence in Jesus as our Ransomer?	ਸਾਡੇ ਰਿਹਾਈ - ਦਾਤੇ ਵਜੋਂ ਯਿਸੂ ਉੱਤੇ ਅਸੀਂ ਕਿਉਂ ਪੂਰਾ ਭਰੋਸਾ ਰੱਖ ਸਕਦੇ ਹਾਂ?	0.9038899	True	True	ਅਸੀਂ ਕਿਉਂ ਇਸ਼ੂ ਵਿੱਚ ਪੂਰੀ ਭਰੋਸਾ ਰੱਖ ਸਕਦੇ ਹਾਂ ਜਿਵੇਂ ਕਿ ਸਾਡਾ ਰੈਨਸਮੀ ਹੈ?	ਅਸੀਂ ਯਿਸੂ ਵਿੱਚ ਆਪਣੇ ਛੁਟਕਾਰੇਵਾਲੇ ਦੇ ਤੌਰ 'ਤੇ ਪੂਰਾ ਵਿਸ਼ਵਾਸ ਕਿਉਂ ਕਰ ਸਕਦੇ ਹਾਂ?	ਅਸੀਂ ਯਿਸੂ ਨੂੰ ਆਪਣਾ ਮੁਕਤੀਦਾਤਾ ਵਜੋਂ ਪੂਰੀ ਤਰ੍ਹਾਂ ਭਰੋਸਾ ਕਿਉਂ ਕਰ ਸਕਦੇ ਹਾਂ?	0.2	0.0	0.0
750	[[0.9028833]]	"""""""""""""""Cosmopolitan has described her as """"""""""""""""one of India's most popular authors"""""""""""""""", also she is the only woman in India's highest selling league."""""""""""""""	ਕੌਸਮੋਪੌਲੀਟਨ ਨੇ ਉਸ ਨੂੰ '' ਭਾਰਤ ਦੇ ਸਭ ਤੋਂ ਮਸ਼ਹੂਰ ਲੇਖਕ '' ਦੱਸਿਆ ਹੈ, ਨਾਲ ਹੀ ਉਹ ਭਾਰਤ ਦੀ ਸਭ ਤੋਂ ਵੱਧ ਵਿਕਣ ਵਾਲੀ ਲੀਗ ਦੀ ਇਕਲੌਤੀ ਔਰਤ ਹੈ।	0.9028833	True	True	"""ਕਾਸਮੋਪੋਲਿਟਨ ਨੇ ਉਸਨੂੰ ਇੰਡੀਆ ਦੀ """"""""ਸਭ ਤੋਂ ਪ੍ਰਸਿੱਧ ਲੇਖਿਕਾ"""""""" ਦੇ ਰੂਪ ਵਿੱਚ ਵਰਣਨ ਕੀਤਾ ਹੈ, ਇਸ ਦੀ ਵੀ ਇੰਡੀਆ ਦੀ ਸਭ ਤੋਂ ਵੱਧ ਬਿਕਰੀ ਵਾਲੀ ਟੀਮ ਵਿੱਚ ਇੱਕ ਹੀ ਔਰਤ ਹੈ।"""	"""ਕੌਸਮੋਪੋਲਿਟਨ ਨੇ ਉਸਨੂੰ """"ਭਾਰਤ ਦੀਆਂ ਸਭ ਤੋਂ ਪ੍ਰਸਿੱਧ ਲੇਖਿਕਾਵਾਂ ਵਿੱਚੋਂ ਇੱਕ"""" ਵਜੋਂ ਵਰਣਿਤ ਕੀਤਾ ਹੈ, ਇਸ ਤੋਂ ਇਲਾਵਾ ਉਹ ਭਾਰਤ ਦੇ ਸਭ ਤੋਂ ਵੱਧ ਵਿਕਣ ਵਾਲੇ ਲੇਖਕਾਂ ਵਿੱਚ ਇੱਕੋ ਇਕ ਔਰਤ ਹੈ।"""	"""ਕਾਸਮੋਪੋਲੀਟਨ ਨੇ ਉਸ ਨੂੰ """"ਭਾਰਤ ਦੀਆਂ ਸਭ ਤੋਂ ਵੱਧ ਪ੍ਰਸਿੱਧ ਲੇਖਕਾਂ"""" ਵਿੱਚੋਂ ਇੱਕ ਕਿਹਾ ਹੈ, ਇਸ ਤੋਂ ਇਲਾਵਾ ਉਹ ਭਾਰਤ ਦੀ ਸਭ ਤੋਂ ਵੱਧ ਵਿਕਣ ਵਾਲੀ ਲੀਗ ਵਿੱਚ ਇਕਲੌਤੀ ਔਰਤ ਹੈ।"""	0.09	0.15	0.3
767	[[0.9354419]]	Delhi has 70 assembly seats out of which 58 are in general category while 12 seats are reserved for scheduled castes.	ਦਿੱਲੀ ਵਿੱਚ ਵਿਧਾਨ ਸਭਾ ਦੀਆਂ 70 ਸੀਟਾਂ ਹਨ ਜਿਨ੍ਹਾਂ ਵਿੱਚੋਂ 58 ਆਮ ਸ਼੍ਰੇਣੀ ਦੀਆਂ ਹਨ ਜਦੋਂਕਿ 12 ਸੀਟਾਂ ਅਨੁਸੂਚਿਤ ਜਾਤੀਆਂ ਲਈ ਰਾਖਵੇਂ ਹਨ।	0.9354419	True	True	ਦਿੱਲੀ ਵਿੱਚ 70 ਵਿਧਾਨ ਸਭਾਂ ਦੀਆਂ ਸੀਟਾਂ ਹਨ, ਜਿਵੇਂ ਕਿ 58 ਆਮ ਸ਼੍ਰੇਣੀ ਵਿੱਚ ਹਨ ਜਦੋਂ ਕਿ 12 ਸੀਟਾਂ ਅਨੁਸੂਚਿਤ ਜਾਤਾਂ ਲਈ ਰਿਜ਼ਰਵ ਹਨ।	ਦਿੱਲੀ ਵਿੱਚ 70 ਵਿਧਾਨ ਸਭਾ ਸੀਟਾਂ ਹਨ ਜਿਨ੍ਹਾਂ ਵਿੱਚੋਂ 58 ਆਮ ਸ਼੍ਰੇਣੀ ਵਿੱਚ ਹਨ ਜਦਕਿ 12 ਸੀਟਾਂ ਸ਼ੈਡੂਲਡ ਕਾਸਟ ਲਈ ਰਾਖਵੀਆਂ ਹਨ।	ਦਿੱਲੀ ਵਿੱਚ 70 ਵਿਧਾਨ ਸਭਾ ਸੀਟਾਂ ਹਨ, ਜਿਨ੍ਹਾਂ ਵਿੱਚੋਂ 58 ਆਮ ਸ਼੍ਰੇਣੀ ਵਿੱਚ ਹਨ, ਜਦੋਂ ਕਿ 12 ਸੀਟਾਂ ਅਨੁਸੂਚਿਤ ਜਾਤੀਆਂ ਲਈ ਰਾਖਵੀਆਂ ਹਨ।	0.0	0.35	0.36
778	[[0.93848085]]	12 Indians among 17 people killed in Dubai bus accident	ਦੁਬਈ ਬੱਸ ਹਾਦਸੇ ਵਿੱਚ 12 ਭਾਰਤੀਆਂ ਸਮੇਤ 17 ਹਲਾਕ	0.93848085	True	True	12 ਭਾਰਤੀਆਂ ਦੀਆਂ 17 ਲੋਕਾਂ ਵਿੱਚ ਦੁਬਈ ਦੇ ਬੱਸ ਦੀ ਹਾਦਸੇ ਵਿੱਚ ਮੌਤ ਹੋ ਗਈ ਹੈ।	ਦੁਬਈ ਬੱਸ ਹਾਦਸੇ ਵਿੱਚ 17 ਲੋਕਾਂ ਵਿੱਚੋਂ 12 ਭਾਰਤੀ ਮਾਰੇ ਗਏ।	ਦੁਬਈ ਬਸ ਹਾਦਸੇ ਵਿੱਚ 17 ਲੋਕਾਂ ਦੀ ਮੌਤ, ਉਨ੍ਹਾਂ ਵਿੱਚ 12 ਭਾਰਤੀ ਸਨ।	0.0	0.26	0.0
794	[[0.9371383]]	Citing an example, Digvijay Singh said that Bihar CM Nitish Kumar can pressurise Prime Minister Narendra Modi to take back the farm laws.	ਇਕ ਉਦਾਹਰਨ ਦਾ ਹਵਾਲਾ ਦਿੰਦਿਆਂ ਦਿਗਵਿਜੈ ਸਿੰਘ ਨੇ ਕਿਹਾ ਕਿ ਬਿਹਾਰ ਦੇ ਸੀਐੱਮ ਨੀਤਿਸ਼ ਕੁਮਾਰ, ਪ੍ਰਧਾਨ ਮੰਤਰੀ ਨਰਿੰਦਰ ਮੋਦੀ ਤੇ ਕਿਸਾਨੀ ਕਾਨੂੰਨਾਂ ਨੂੰ ਵਾਪਸ ਲੈਣ ਦਾ ਦਬਾਅ ਬਣਾ ਸਕਦੇ ਹਨ।	0.9371383	True	True	ਇੱਕ ਉਦਾਹਰਣ ਦੇ ਰੂਪ ਵਿੱਚ, ਡਿੱਗੀਵਿਜੇ ਸਿੰਘ ਨੇ ਕਿਹਾ ਕਿ ਬਿਹਾਰ ਦੇ ਮੁੱਖ ਮੰਤਰੀ ਨਿਤੀਸ਼ ਕੁਮਾਰ ਨੂੰ ਪ੍ਰਧਾਨ ਮੰਤਰੀ ਨਰਿੰਦਰ ਮੋਦੀ ਨੂੰ ਕਿਸਾਨੀ ਕਾਨੂੰਨ ਵਾਪਸ ਲੈਣ ਲਈ ਦਬਾਉ ਡਾਲ ਸਕਦਾ ਹੈ।	ਉਦਾਹਰਨ ਦੇਂਦਿਆਂ, ਦਿਗਵਿਜਯ ਸਿੰਘ ਨੇ ਕਿਹਾ ਕਿ ਬਿਹਾਰ ਦੇ ਮੁੱਖ ਮੰਤਰੀ ਨਿਤੀਸ਼ ਕੁਮਾਰ ਪ੍ਰਧਾਨ ਮੰਤਰੀ ਨਰਿੰਦਰ ਮੋਦੀ 'ਤੇ ਖੇਤੀਬਾੜੀ ਕਾਨੂੰਨ ਵਾਪਸ ਲੈਣ ਲਈ ਦਬਾਅ ਪਾ ਸਕਦੇ ਹਨ।	ਉਦਾਹਰਣ ਦੇ ਕੇ, ਦਿਗਵਿਜੈ ਸਿੰਘ ਨੇ ਕਿਹਾ ਕਿ ਬਿਹਾਰ ਸੀਐਮ ਨਿਤੀਸ਼ ਕੁਮਾਰ ਪ੍ਰਧਾਨ ਮੰਤਰੀ ਨਰੇਂਦਰ ਮੋਦੀ ਨੂੰ ਖੇਤੀ ਕਾਨੂੰਨਾਂ ਨੂੰ ਵਾਪਸ ਲੈਣ ਲਈ ਦਬਾਅ ਪਾ ਸਕਦਾ ਹੈ।	0.25	0.28	0.26
825	[[0.90999603]]	A large number of police have been deployed here.	ਇਥੇ ਕਾਫੀ ਗਿਣਤੀ ‘ਚ ਪੁਲਿਸ ਕਰਮਚਾਰੀਆਂ ਦੀ ਤਾਇਨਾਤੀ ਕੀਤੀ ਗਈ ਹੈ।	0.90999603	True	True	ਇੱਥੇ ਬਹੁਤ ਵੱਡੀ ਸੰਖਿਆ ਵਿੱਚ ਪੁਲਿਸ ਭੇਜੀ ਗਈ ਹੈ।	ਇੱਥੇ ਇੱਕ ਵੱਡੀ ਗਿਣਤੀ ਵਿੱਚ ਪੁਲਿਸ ਤਾਇਨਾਤ ਕੀਤੀ ਗਈ ਹੈ।	ਇੱਥੇ ਪੁਲਿਸ ਦੀ ਵੱਡੀ ਗਿਣਤੀ ਤੈਨਾਤ ਕੀਤੀ ਗਈ ਹੈ।	0.0	0.0	0.0
834	[[0.9456601]]	He said the police was investigation the case.	ਉਨ੍ਹਾਂ ਦੱਸਿਆ ਕਿ ਪੁਲਿਸ ਵਲੋਂ ਮਾਮਲੇ ਦੀ ਜਾਂਚ ਕੀਤੀ ਜਾ ਰਹੀ ਹੈ।	0.9456601	False	True	ਉਸਨੇ ਕਿਹਾ ਕਿ ਪੁਲਿਸ ਕੇਸ ਦੀ ਜਾਂਚ ਕਰ ਰਹੀ ਸੀ।	ਉਸ ਨੇ ਕਿਹਾ ਕਿ ਪੁਲੀਸ ਇਸ ਮਾਮਲੇ ਦੀ ਜਾਂਚ ਕਰ ਰਹੀ ਸੀ।	ਉਸ ਨੇ ਕਿਹਾ ਕਿ ਪੁਲਿਸ ਕੇਸ ਦੀ ਜਾਂਚ ਕਰ ਰਹੀ ਸੀ।	0.0	0.0	0.0
864	[[0.93085563]]	Gandhi had also recalled a recent interview by the Prime Minister, in which Modi had said the Supreme Court had given a clean chit to his government on the Rafale deal.	ਗਾਂਧੀ ਨੇ ਪ੍ਰਧਾਨ ਮੰਤਰੀ ਦੇ ਹਾਲ ਹੀ ਵਿਚ ਦਿੱਤੇ ਗਏ ਇੰਟਰਵਿਊ ਦਾ ਵੀ ਜ਼ਿਕਰ ਕੀਤਾ, ਜਿਸ ਵਿਚ ਮੋਦੀ ਨੇ ਕਿਹਾ ਸੀ ਕਿ ਸੁਪਰੀਮ ਕੋਰਟ ਨੇ ਰਾਫੇਲ ਸੌਦੇ ਵਿਚ ਉਨ੍ਹਾਂ ਦੀ ਸਰਕਾਰ ਨੂੰ ਕਲੀਨ ਚਿੱਟ ਦਿੱਤੀ ਹੈ।	0.93085563	True	True	ਗਾਂਧੀ ਨੇ ਵੀ ਇੱਕ ਹਾਲ ਹੀ ਦੇ ਇੰਟਰਵਿਊ ਨੂੰ ਯਾਦ ਕੀਤਾ, ਜਿਸ ਵਿੱਚ ਮੋਦੀ ਨੇ ਕਿਹਾ ਸੀ ਕਿ ਸੁਪ੍ਰੀਮ ਕੋਰਟ ਨੇ ਉਸ ਦੇ ਸਰਕਾਰ ਨੂੰ ਰਫ਼ਾਲ ਦੀਲ 'ਤੇ ਸੱਫ਼ਾ ਚਿੱਟ ਦਿੱਤੀ ਸੀ।	ਗਾਂਧੀ ਨੇ ਪ੍ਰਧਾਨ ਮੰਤਰੀ ਦੇ ਇਕ ਹਾਲ ਹੀ ਦੇ ਇੰਟਰਵਿਊ ਨੂੰ ਵੀ ਯਾਦ ਕੀਤਾ, ਜਿਸ ਵਿੱਚ ਮੋਦੀ ਨੇ ਕਿਹਾ ਸੀ ਕਿ ਸੁਪਰੀਮ ਕੋਰਟ ਨੇ ਰਾਫੇਲ ਸੌਦੇ 'ਤੇ ਉਸਦੀ ਸਰਕਾਰ ਨੂੰ ਕਲੀਨ ਚਿੱਟ ਦੇ ਦਿੱਤੀ ਹੈ।	ਗਾਂਧੀ ਨੇ ਵੀ ਪ੍ਰਧਾਨ ਮੰਤਰੀ ਦੁਆਰਾ ਹਾਲ ਹੀ ਦਿੱਤੇ ਇੰਟਰਵਿਊ ਦਾ ਜ਼ਿਕਰ ਕੀਤਾ ਸੀ, ਜਿਸ ਵਿੱਚ ਮੋਦੀ ਨੇ ਕਿਹਾ ਸੀ ਕਿ ਸੁਪਰੀਮ ਕੋਰਟ ਨੇ ਰਫਾਲ ਸੌਦੇ ਤੇ ਉਨ੍ਹਾਂ ਦੀ ਸਰਕਾਰ ਨੂੰ ਸਾਫ਼ ਚਿੱਟ ਦਿੱਤੀ ਸੀ।	0.18	0.47	0.34
869	[[0.9195349]]	Manpreet Badal welcome to contest against me: Sukhbir Singh Badal	ਮੇਰੇ ਵਿਰੁੱਧ ਚੋਣ ਲੜਨ ਲਈ ਮਨਪ੍ਰੀਤ ਬਾਦਲ ਦਾ ਸਵਾਗਤ ਹੈ : ਸੁਖਬੀਰ ਸਿੰਘ ਬਾਦਲ	0.9195349	True	True	ਮਨਪ੍ਰੀਤ ਬਾਦਲ ਜੀ, ਮੇਰੇ ਖਿਲਾਫ ਮੁਕਾਬਲਾ ਵਿੱਚ ਖੁਸ਼ ਆਮਦਨ! ਸੁਖਬੀਰ ਸਿੰਘ ਬਾਦਲ	ਮਨਪ੍ਰੀਤ ਬਾਦਲ ਨੂੰ ਮੇਰੇ ਖਿਲਾਫ ਮੁਕਾਬਲਾ ਕਰਨ ਲਈ ਸਵਾਗਤ ਹੈ: ਸੁਖਬੀਰ ਸਿੰਘ ਬਾਦਲ।	ਮੈਂ ਖਿਲਾਫ਼ ਮੁਕਾਬਲੇ ਵਿੱਚ ਆਉਣ ਦਾ ਸੁਖਬੀਰ ਸਿੰਘ ਬਾਦਲ ਨੂੰ ਮਨਪ੍ਰੀਤ ਬਾਦਲ ਦਾ ਸਵਾਗਤ ਹੈ।	0.0	0.33	0.24
871	[[0.9535616]]	Police have registered a case and initiated proceedings.	ਪੁਲਿਸ ਨੇ ਮਾਮਲਾ ਦਰਜ ਕਰਕੇ ਕਾਰਵਾਈ ਆਰੰਭ ਦਿੱਤੀ ਹੈ।	0.9535616	False	True	ਪੁਲਿਸ ਨੇ ਕੇਸ ਦਰਜ ਕੀਤਾ ਅਤੇ ਕਾਰਵਾਈ ਸ਼ੁਰੂ ਕੀਤੀ ਹੈ।	ਪੁਲਿਸ ਨੇ ਮਾਮਲਾ ਦਰਜ ਕਰ ਦਿੱਤਾ ਹੈ ਅਤੇ ਕਾਰਵਾਈ ਸ਼ੁਰੂ ਕਰ ਦਿੱਤੀ ਹੈ।	ਪੁਲਿਸ ਨੇ ਇੱਕ ਕੇਸ ਦਰਜ ਕੀਤਾ ਹੈ ਅਤੇ ਕਾਰਵਾਈ ਸ਼ੁਰੂ ਕਰ ਦਿੱਤੀ ਹੈ।	0.0	0.24	0.0
901	[[0.9590554]]	Four people have been arrested over the incident.	ਘਟਨਾ ਸਬੰਧੀ ਚਾਰ ਵਿਅਕਤੀਆਂ ਨੂੰ ਗਿ੍ਫ਼ਤਾਰ ਕੀਤਾ ਗਿਆ ਹੈ।	0.9590554	False	True	ਇਸ ਘਟਨਾ ਵਿੱਚ ਚਾਰ ਲੋਕਾਂ ਨੂੰ ਗ੍ਰਿਫਤਾਰ ਕੀਤਾ ਗਿਆ ਹੈ।	ਇਸ ਘਟਨਾ ਦੇ ਸੰਬੰਧ ਵਿੱਚ ਚਾਰ ਲੋਕਾਂ ਨੂੰ ਗ੍ਰਿਫਤਾਰ ਕੀਤਾ ਗਿਆ ਹੈ।	ਚਾਰ ਲੋਕਾਂ ਨੂੰ ਇਸ ਘਟਨਾ ਸਬੰਧੀ ਗ੍ਰਿਫਤਾਰ ਕੀਤਾ ਗਿਆ ਹੈ।	0.0	0.0	0.0
971	[[0.917809]]	Assembly constituencies of Panaji, Mandrem and Mapusa fall under North Goa district and Shiroda in South Goa district.	ਪਣਜੀ, ਮੰਦ੍ਰੇਮ ਅਤੇ ਮਾਪੁਸਾ ਵਿਧਾਨ ਸਭਾ ਖੇਤਰ ਉਤਰ ਗੋਆ ਜ਼ਿਲ੍ਹੇ ਵਿਚ ਆਉਂਦੇ ਹਨ, ਜਦੋਂ ਕਿ ਸ਼ਿਰੋੜਾ ਵਿਧਾਨ ਸਭਾ ਖੇਤਰ ਦੱਖਣੀ ਗੋਆ ਜ਼ਿਲ੍ਹੇ ਵਿਚ ਆਉਂਦਾ ਹੈ।	0.917809	True	True	ਪਣਾਜੀ, ਮੰਡਰੇਮ ਅਤੇ ਮਾਪੂਸਾ ਦੀ ਵਿਧਾਨ ਸਭਾਵਾਂ ਉੱਤਰ ਗੋਆ ਜ਼ਿਲੇ ਵਿੱਚ ਆਉਂਦੀਆਂ ਹਨ ਅਤੇ ਦੱਖਣ ਗੋਆ ਜ਼ਿਲੇ ਵਿੱਚ ਸ਼ਿਰੋਡਾ ਹੈ।	ਪਣਜੀ, ਮਾਂਦਰੇਮ ਅਤੇ ਮਾਪਸਾ ਦੀਆਂ ਵਿਧਾਨ ਸਭਾ ਹਲਕਿਆਂ ਦਾ ਕੱਤਰ ਉੱਤਰੀ ਗੋਆ ਜ਼ਿਲ੍ਹੇ ਵਿਚ ਪੈਂਦਾ ਹੈ ਅਤੇ ਸ਼ਿਰੋਡਾ ਦੱਖਣੀ ਗੋਆ ਜ਼ਿਲ੍ਹੇ ਵਿੱਚ।	ਪਨਾਜੀ, ਮੰਡਰੇਮ ਅਤੇ ਮਾਪੂਸਾ ਦੀਆਂ ਵਿਧਾਨ ਸਭਾ ਹਲਕਿਆਂ ਉੱਤਰੀ ਗੋਆ ਜ਼ਿਲ੍ਹੇ ਅਤੇ ਸ਼ਿਰੋਡਾ ਦੱਖਣੀ ਗੋਆ ਜ਼ਿਲ੍ਹੇ ਦੇ ਅੰਦਰ ਆਉਂਦੀਆਂ ਹਨ।	0.0	0.0	0.0
976	[[0.9218147]]	Repo Rate is the rate of interest at which the RBI lends money to banks.	ਰੈਪੋ ਰੇਟ ਉਹ ਵਿਆਜ਼ ਦਰ ਹੈ, ਜਿਸ 'ਤੇ ਆਰਬੀਆਈ ਬੈਂਕਾਂ ਦਾ ਲੋਨ ਦਿੰਦਾ ਹੈ।	0.9218147	True	True	ਰੇਪੋ ਦਰ ਹੈ ਉਹ ਦਰ ਜਿਸ 'ਤੇ ਆਰਬੀਆਈ ਬੈਂਕਾਂ ਨੂੰ ਪੈਸੇ ਉਧਾਰ ਕਰਦੀ ਹੈ।	ਰੇਪੋ ਰੇਟ ਉਹ ਵਿਆਜ ਦਰ ਹੈ ਜਿਸ 'ਤੇ ਆਰਬੀਆਈ ਬੈਂਕਾਂ ਨੂੰ ਪੈਸੇ ਉਧਾਰ ਦਿੰਦੀ ਹੈ।	ਰੀਪੋ ਰੇਟ ਉਹ ਬਿਆਜ ਦਰ ਹੈ ਜਿਸ ਤੇ ਆਰਬੀਆਈ ਬੈਂਕਾਂ ਨੂੰ ਪੈਸਾ ਉਧਾਰ ਦਿੰਦੀ ਹੈ।	0.21	0.23	0.0
982	[[0.9060248]]	Because we pay attention to Gods prophetic word and have faith in what he promises for the future.	ਕਿਉਂਕਿ ਅਸੀਂ ਪਰਮੇਸ਼ੁਰ ਦੇ ਅਗੰਮ ਵਾਕ ਵੱਲ ਧਿਆਨ ਦਿੰਦੇ ਹਾਂ ਅਤੇ ਭਵਿੱਖ ਬਾਰੇ ਉਸ ਦੇ ਵਾਅਦਿਆਂ ਵਿਚ ਨਿਹਚਾ ਕਰਦੇ ਹਾਂ ।	0.9060248	True	True	ਕਿਉਂਕਿ ਅਸੀਂ ਰੱਬ ਦੇ ਭਵਿਸ਼ਿਆਵਾਣੀ ਸ਼ਬਦ 'ਤੇ ਧਿਆਨ ਦੇ ਰਹਿਣਾ ਅਤੇ ਉਹ ਜੋ ਉਸਨੇ ਭਵਿਸ਼ਿਯਤ ਲਈ ਵਾਅਦੇ ਕੀਤੇ ਹਨ 'ਤੇ ਵਿਸ਼ਵਾਸ ਰੱਖਦੇ ਹਾਂ।	ਕਿਉਂਕਿ ਅਸੀਂ ਪਰਮੇਸ਼ੁਰ ਦੇ ਭਵਿੱਖਵਾਣੀ ਸ਼ਬਦ 'ਤੇ ਧਿਆਨ ਦੇਂਦੇ ਹਾਂ ਅਤੇ ਭਵਿੱਖ ਲਈ ਕੀਤੇ ਗਏ ਉਸਦੇ ਵਾਅਦਿਆਂ 'ਤੇ ਵਿਸ਼ਵਾਸ ਕਰਦੇ ਹਾਂ।	ਕਿਉਂਕਿ ਅਸੀਂ ਰੱਬ ਦੇ ਭਵਿੱਖਬਾਣੀ ਸ਼ਬਦ ਤੇ ਧਿਆਨ ਦਿੰਦੇ ਹਾਂ ਅਤੇ ਉਸ ਦੇ ਭਵਿੱਖ ਲਈ ਵਾਅਦੇ ਉੱਤੇ ਵਿਸ਼ਵਾਸ ਕਰਦੇ ਹਾਂ।	0.0	0.18	0.17
987	[[0.9005825]]	The police arrived at the spot and started the proceedings.	ਪੁਲੀਸ ਨੇ ਮੌਕੇ ‘ਤੇ ਪਹੁੰਚ ਕੇ ਅਗਲੇਰੀ ਕਾਰਵਾਈ ਸ਼ੁਰੂ ਕਰ ਦਿੱਤੀ।	0.9005825	True	True	ਪੁਲਿਸ ਥਾਣੇ 'ਤੇ ਪਹੁੰਚੀ ਅਤੇ ਕਾਰਵਾਈ ਸ਼ੁਰੂ ਕੀ।	ਪੁਲਿਸ ਮੌਕੇ 'ਤੇ ਪਹੁੰਚੀ ਅਤੇ ਕਾਰਵਾਈ ਸ਼ੁਰੂ ਕੀਤੀ।	ਪੁਲਿਸ ਨੇ ਥਾਂ ਤੇ ਪਹੁੰਚ ਕੇ ਕਾਰਵਾਈ ਸ਼ੁਰੂ ਕਰ ਦਿੱਤੀ।	0.0	0.0	0.0
993	[[0.9086717]]	"""""""""""""""Friends, When the country became a Republic in the year 1950 then Babasaheb had said- """"""""""""""""We should not be satisfied only with the political democracy. We also have to make our political democracy a social democracy."""""""""""""""	"""""""""""""""ਸਾਥਿਓ, 1950 ਵਿੱਚ ਜਦੋਂ ਦੇਸ਼ ਗਣਤੰਤਰ ਬਣਿਆ, ਤਾਂ ਬਾਬਾ ਸਾਹਿਬ ਨੇ ਕਿਹਾ ਸੀ ਅਤੇ ਮੈਂ ਉਨ੍ਹਾਂ ਦੇ ਸ਼ਬਦ ਦੁਹਰਾਅ ਰਿਹਾ ਹਾਂ- """"""""""""""""ਸਾਨੂੰ ਸਿਰਫ ਰਾਜਨੀਤਿਕ ਲੋਕਤੰਤਰ ਨਾਲ ਸੰਤੁਸ਼ਟ ਨਹੀਂ ਹੋਣਾ ਚਾਹੀਦਾ।ਸਾਨੂੰ ਆਪਣੇ ਰਾਜਨੀਤਿਕ ਲੋਕਤੰਤਰ ਨੂੰ ਸਮਾਜਿਕ ਲੋਕਤੰਤਰ ਵੀ ਬਣਾਉਣਾ ਹੈ।"""""""""""""""	0.9086717	True	True	"""ਦੋਸਤੋ, ਜਦੋਂ ਦੇਸ਼ ਨੇ 1950 ਵਿੱਚ ਗਣਰਾਜ ਬਣਿਆ ਤਾਂ ਬਾਬਾਸਾਹੇਬ ਨੇ ਕਿਹਾ - """"ਅਸੀਂ ਸਿਰਫ ਰਾਜਨੈਤਿਕ ਲੋਕਤੰਤਰ ਨਾਲ ਖੁਸ਼ ਨਹੀਂ ਹੋਣਾ ਚਾਹੀਦਾ। ਸਾਡੇ ਰਾਜਨੈਤਿਕ ਲੋਕਤੰਤਰ ਨੂੰ ਸਮਾਜਿਕ ਲੋਕਤੰਤਰ ਬਣਾਉਣਾ ਵੀ ਚਾਹੀਦਾ।"""""""	"""ਦੋਸਤੋ, ਜਦੋਂ ਦੇਸ਼ ਸਾਲ 1950 ਵਿੱਚ ਗਣਤੰਤਰ ਬਣਿਆ ਤਾਂ ਬਾਬਾ ਸਾਹਿਬ ਨੇ ਕਿਹਾ ਕਿ """"ਸਾਨੂੰ ਸਿਰਫ ਰਾਜਨੀਤਕ ਲੋਕਤੰਤਰ ਨਾਲ ਸੰਤੁਸ਼ਟ ਨਹੀਂ ਹੋਣਾ ਚਾਹੀਦਾ। ਸਾਨੂੰ ਆਪਣੇ ਰਾਜਨੀਤਕ ਲੋਕਤੰਤਰ ਨੂੰ ਸਮਾਜਿਕ ਲੋਕਤੰਤਰ ਵੀ ਬਣਾਉਣਾ ਚਾਹੀਦਾ ਹੈ।"""""""	"""ਦੋਸਤੋ, ਜਦੋਂ ਦੇਸ਼ 1950 ਵਿੱਚ ਰਿਪਬਲਿਕ ਬਣ ਗਿਆ ਤਾਂ ਬਾਬਾਸਾਹਿਬ ਨੇ ਕਿਹਾ ਸੀ- """"ਅਸੀਂ ਸਿਰਫ਼ ਰਾਜਨੀਤਿਕ ਲੋਕਤੰਤਰ ਨਾਲ ਸੰਤੁਸ਼ਟ ਨਹੀਂ ਹੋਣਾ ਚਾਹੀਦਾ। ਅਸੀਂ ਆਪਣੇ ਰਾਜਨੀਤਿਕ ਲੋਕਤੰਤਰ ਨੂੰ ਸਮਾਜਿਕ ਲੋਕਤੰਤਰ ਵੀ ਬਣਾਉਣਾ ਚਾਹੀਦਾ ਹੈ।"""""""	0.08	0.26	0.22
1000	[[0.92867565]]	Government of India will now bear 90 of premium subsidy liability for North Eastern States instead of 50 earlier.	ਭਾਰਤ ਸਰਕਾਰ ਹੁਣ ਪੂਰਬ ਉੱਤਰੀ ਰਾਜਾਂ ਲਈ 50 % ਦੀ ਬਜਾਏ 90 % ਪ੍ਰੀਮੀਅਮ ਸਬਸਿਡੀ ਦੇਣਦਾਰੀ ਦਾ ਭੁਗਤਾਨ ਕਰੇਗੀ।	0.92867565	True	True	ਭਾਰਤ ਸਰਕਾਰ ਹੁਣ ਉੱਤਰ-ਪੂਰਵੀ ਰਾਜਾਂ ਲਈ ਪ੍ਰੀਮੀਅਮ ਸਬਸਿਡੀ ਦੀ 90 ਦੀ ਬਜਾਏ ਪਿਹਲੇ ਨੂੰ 50 ਦੀ ਜ਼ਿੰਮੇਵਾਰੀ ਵਾਹਿਗੁਰੂ ਭਾਵੇਗੀ।	ਭਾਰਤ ਸਰਕਾਰ ਹੁਣ ਉੱਤਰੀ ਪੂਰਬੀ ਰਾਜਾਂ ਲਈ ਪ੍ਰੀਮੀਅਮ ਸਬਸਿਡੀ ਦੀ ਜ਼ਿੰਮੇਵਾਰੀ ਦਾ 90 ਫ਼ੀਸਦੀ ਹਿੱਸਾ ਉਠਾਏਗੀ, ਜਦਕਿ ਪਹਿਲਾਂ ਇਹ 50 ਫ਼ੀਸਦੀ ਸੀ।	ਭਾਰਤ ਸਰਕਾਰ ਹੁਣ ਉੱਤਰ-ਪੂਰਬੀ ਰਾਜਾਂ ਲਈ ਪ੍ਰੀਮੀਅਮ ਸਬਸਿਡੀ ਦੀ ਜ਼ਿੰਮੇਵਾਰੀ ਦੇ 90 ਫੀਸਦੀ ਦਾ ਭਾਰ ਉਠਾਏਗੀ, ਪਹਿਲਾਂ 50 ਫੀਸਦੀ ਦੀ ਬਜਾਏ।	0.0	0.0	0.0
1006	[[0.9109735]]	A video of this is going viral in social media.	ਇਸ ਦਾ ਇਕ ਵੀਡੀਓ ਸੋਸ਼ਲ ਮੀਡੀਆ ‘ਤੇ ਵਾਇਰਲ ਹੋ ਰਿਹਾ ਹੈ।	0.9109735	True	True	ਇਸ ਦਾ ਵੀਡੀਓ ਸੋਸ਼ਲ ਮੀਡੀਆ ਵਿੱਚ ਵਾਇਰਲ ਜਾ ਰਿਹਾ ਹੈ।	ਇਸ ਦਾ ਇਕ ਵੀਡੀਓ ਸੋਸ਼ਲ ਮੀਡੀਆ 'ਤੇ ਵਾਇਰਲ ਹੋ ਰਿਹਾ ਹੈ।	ਇਸ ਦਾ ਇੱਕ ਵੀਡੀਓ ਸੋਸ਼ਲ ਮੀਡੀਆ ਵਿੱਚ ਵਾਇਰਲ ਹੋ ਰਿਹਾ ਹੈ।	0.0	0.7	0.3
1012	[[0.9028715]]	Sushma Swaraj arrives in New York to attend UN General Assembly meet	ਸੰਯੁਕਤ ਰਾਸ਼ਟਰ ਦੀ ਬੈਠਕ 'ਚ ਹਿੱਸਾ ਲੈਣ ਨਿਊਯਾਰਕ ਪੁੱਜੀ ਸੁਸ਼ਮਾ ਸਵਰਾਜ	0.9028715	True	True	ਸੁਸ਼ਮਾ ਸੁਵਰਾਜ ਨਿਊ ਯਾਰਕ ਆਈ ਹੈ ਯੂਐਨ ਜਨਰਲ ਅਸੈਂਬਲੀ ਮੀਟਿੰਗ ਵਿੱਚ ਭਾਗ ਲੈਣ ਲਈ।	ਸੁਸ਼ਮਾ ਸਵਰਾਜ ਸੰਯੁਕਤ ਰਾਸ਼ਟਰ ਦੀ ਜਨਰਲ ਅਸੈਂਬਲੀ ਦੀ ਮੀਟਿੰਗ ਵਿੱਚ ਹਾਜ਼ਰੀ ਲਗਾਉਣ ਲਈ ਨਿਊ ਯਾਰਕ ਪਹੁੰਚੀ।	ਸੁਸ਼ਮਾ ਸਵਰਾਜ ਨਿਊ ਯਾਰਕ ਵਿੱਚ ਯੂਐਨ ਜਨਰਲ ਅਸੈਂਬਲੀ ਮੀਟ ਵਿੱਚ ਸ਼ਾਮਲ ਹੋਣ ਲਈ ਪਹੁੰਚੀਆਂ ਹਨ।	0.0	0.0	0.0
1023	[[0.91928655]]	The bench is dealing with legal and constitutional issues relating to discrimination against women in various religions and at religious places including Kerala's Sabarimala Temple.	ਬੈਂਚ ਕੇਰਲਾ ਦੇ ਸਬਰੀਮਾਲਾ ਮੰਦਰ ਸਮੇਤ ਕਈ ਧਰਮਾਂ ਅਤੇ ਧਾਰਮਿਕ ਸਥਾਨਾਂ 'ਤੇ ਔਰਤਾਂ ਨਾਲ ਵਿਤਕਰਾ ਸਬੰਧੀ ਕਾਨੂੰਨੀ ਅਤੇ ਸੰਵਿਧਾਨਕ ਮੁੱਦਿਆਂ 'ਤੇ ਵਿਚਾਰ ਕਰ ਰਿਹਾ ਹੈ।	0.91928655	True	True	ਬੈਂਚ ਮਹਿਲਾਵਾਂ ਨੂੰ ਵੱਖਰੇ ਧਰਮਾਂ ਵਿਚ ਭੇਦਭਾਵ ਨਾਲ ਸੰਬੰਧਤ ਕਾਨੂੰਨੀ ਅਤੇ ਸਵਿਧਾਨਕ ਮਾਮਲਿਆਂ ਦਾ ਸੁਲੂਕ ਕਰ ਰਿਹਾ ਹੈ, ਜਿਵੇਂ ਕਿ ਕੇਰਲਾ ਦੇ ਸਬਰੀਮਲਾ ਮੰਦਰ ਵਿੱਚ।	ਬੈਂਚ ਕਾਨੂੰਨੀ ਅਤੇ ਸੰਵਿਧਾਨਕ ਮੁੱਦਿਆਂ ਨਾਲ ਨਜਿੱਠ ਰਹੀ ਹੈ ਜੋ ਵੱਖ-ਵੱਖ ਧਰਮਾਂ ਅਤੇ ਧਾਰਮਿਕ ਸਥਾਨਾਂ, ਜਿਵੇਂ ਕਿ ਕੇਰਲ ਦੇ ਸਾਬਰਿਮਾਲਾ ਮੰਦਰ ਵਿੱਚ, ਮਹਿਲਾਵਾਂ ਦੇ ਖਿਲਾਫ ਭੇਦਭਾਵ ਨਾਲ ਜੁੜੇ ਹੋਏ ਹਨ।	ਬੈਂਚ ਵੱਖ-ਵੱਖ ਧਰਮਾਂ ਅਤੇ ਧਾਰਮਿਕ ਸਥਾਨਾਂ ਤੇ ਔਰਤਾਂ ਖਿਲਾਫ਼ ਵਿਤਕਰੇ ਨਾਲ ਸਬੰਧਤ ਕਾਨੂੰਨੀ ਅਤੇ ਸੰਵਿਧਾਨਕ ਮੁੱਦਿਆਂ ਨੂੰ ਨਿਪਟਾ ਰਹੀ ਹੈ, ਜਿਸ ਵਿੱਚ ਕੇਰਲਾ ਦੇ ਸਬਰੀਮਾਲਾ ਮੰਦਰ ਵੀ ਸ਼ਾਮਲ ਹੈ।	0.0	0.16	0.25
1025	[[0.9072174]]	Section 144 has been imposed in the entire district.	ਪੂਰੇ ਇਲਾਕੇ ਵਿਚ ਧਾਰਾ 144 ਲਾਗੂ ਦਿਤੀ ਗਈ ਹੈ।	0.9072174	True	True	ਪੂਰੇ ਜਿਲ੍ਹੇ ਵਿੱਚ ਧਾਰਾ 144 ਲਾਗੂ ਕੀਤੀ ਗਈ ਹੈ।	ਸਾਰੇ ਜ਼ਿਲ੍ਹੇ ਵਿੱਚ ਧਾਰਾ 144 ਲਾਗੂ ਕੀਤੀ ਗਈ ਹੈ।	ਸਮੁੱਚੇ ਜ਼ਿਲ੍ਹੇ ਵਿੱਚ ਧਾਰਾ 144 ਲਾਗੂ ਕਰ ਦਿੱਤੀ ਗਈ ਹੈ।	0.0	0.0	0.0
1026	[[0.9161736]]	Besides, the laboratories also networked with local administration to distribute sanitisers and disinfectants among personnel belonging to the police force, municipal corporations, electricity supply undertakings, medical colleges, hospitals, panchayats, and banks and several others CSIR laboratories have developed effective, safe and affordable sanitisers and disinfectants from locally available raw materials.	ਇਸ ਤੋਂ ਇਲਾਵਾ, ਪ੍ਰਯੋਗਸ਼ਾਲਾਵਾਂ ਨੇ ਸਥਾਨਕ ਪ੍ਰਸ਼ਾਸਨ ਨਾਲ ਮਿਲ ਕੇ ਪੁਲਿਸ ਫ਼ੋਰਸ, ਨਗਰ ਨਿਗਮਾਂ, ਬਿਜਲੀ ਸਪਲਾਈ ਦੇ ਕੰਮਾਂ, ਮੈਡੀਕਲ ਕਾਲਜਾਂ, ਹਸਪਤਾਲਾਂ, ਪੰਚਾਇਤਾਂ, ਬੈਂਕਾਂ ਅਤੇ ਹੋਰ ਕਈਆਂ ਨਾਲ ਸੰਬੰਧਤ ਕਰਮਚਾਰੀਆਂ ਵਿੱਚ ਸੈਨੀਟਾਈਜ਼ਰਾਂ ਅਤੇ ਕੀਟਾਣੂਨਾਸ਼ਕਾਂ ਨੂੰ ਵਿਅਕਤੀਆਂ ਵਿੱਚ ਵੰਡਿਆ। ਸੀਐੱਸਆਈਆਰ ਪ੍ਰਯੋਗਸ਼ਾਲਾਵਾਂ ਨੇ ਸਥਾਨਕ ਤੌਰ ’ਤੇ ਉਪਲਬਧ ਕੱਚੇ ਮਾਲ ਤੋਂ ਪ੍ਰਭਾਵਸ਼ਾਲੀ, ਸੁਰੱਖਿਅਤ ਅਤੇ ਕਿਫ਼ਾਇਤੀ ਸੈਨੇਟਾਈਜ਼ਰ ਅਤੇ ਕੀਟਾਣੂਨਾਸ਼ਕ ਤਿਆਰ ਕੀਤੇ ਹਨ।	0.9161736	True	True	ਇਸ ਤੌਰ ਤੇ, ਲੈਬਰੇਟਰੀਆਂ ਨੇ ਸਥਾਨਕ ਪ੍ਰਸ਼ਾਸਨ ਨਾਲ ਨੈੱਟਵਰਕ ਕੀਤਾ ਅਤੇ ਸੈਨੀਟਾਈਜ਼ਰ ਅਤੇ ਡਿਸਿੰਫੈਕਟੈਂਟ ਪੁਲਿਸ ਫੋਰਸ, ਮਿਊਨੀਸਪਲ ਕਾਰਪੋਰੇਸ਼ਨ, ਬਿਜਲੀ ਸਪਲਾਈ ਪ੍ਰਤਿਅਗਤਾਂ, ਮੈਡੀਕਲ ਕਾਲਜ, ਹਸਪਤਾਲ, ਪੰਚਾਯਤਾਂ, ਅਤੇ ਬੈਂਕਸ ਅਤੇ ਕਈ ਹੋਰਾਂ ਵਿੱਚ ਸੈਨੀਟਾਈਜ਼ਰ ਅਤੇ ਡਿਸਿੰਫੈਕਟੈਂਟ ਵਿੱਚ ਵੰਡਣ ਲਈ ਉਪਯੋਗ ਕਰਨਾ ਸਹਾਇਤਾ ਕੀਤੀ। ਕੈਸ਼ੀਆਰ ਲੈਬਰੇਟਰੀਆਂ ਨੇ ਸਥਾਨਕ ਉਪਲਬਧ ਕੱਚੇ ਸਾਮਗਰੀਆਂ ਤੋਂ ਕਿਫਾਯਤਸ਼ੀਲ ਅਤੇ ਸੁਰੱਖਿਅਤ ਸੈਨੀਟਾਈਜ਼ਰ ਅਤੇ ਡਿਸਿੰਫੈਕਟੈਂਟ ਵਿਕਸਿਤ ਕੀਤੇ ਹਨ।	ਇਸ ਤੋਂ ਇਲਾਵਾ, ਪ੍ਰਯੋਗਸ਼ਾਲਾਵਾਂ ਨੇ ਪੁਲਿਸ ਫੋਰਸ, ਨਗਰ ਨਿਗਮਾਂ, ਬਿਜਲੀ ਸਪਲਾਈ ਇਕਾਈਆਂ, ਮੈਡੀਕਲ ਕਾਲਜਾਂ, ਹਸਪਤਾਲਾਂ, ਪੰਚਾਇਤਾਂ ਅਤੇ ਬੈਂਕਾਂ ਦੇ ਕਰਮਚਾਰੀਆਂ ਵਿੱਚ ਸੈਨਿਟਾਈਜ਼ਰ ਅਤੇ ਜਰਾਸੀਮਨਾਸ਼ਕ ਵੰਡਣ ਲਈ ਸਥਾਨਕ ਪ੍ਰਸ਼ਾਸਨ ਨਾਲ ਵੀ ਜਾਲ ਬਣਾ ਲਿਆ। ਕਈ ਹੋਰ CSIR ਪ੍ਰਯੋਗਸ਼ਾਲਾਵਾਂ ਨੇ ਸਥਾਨਕ ਤੌਰ 'ਤੇ ਉਪਲਬਧ ਕੱਚੇ ਮਾਲ ਤੋਂ ਪ੍ਰਭਾਵਸ਼ਾਲੀ, ਸੁਰੱਖਿਅਤ ਅਤੇ ਸਸਤੇ ਸੈਨਿਟਾਈਜ਼ਰ ਅਤੇ ਜਰਾਸੀਮਨਾਸ਼ਕ ਵਿਕਸਿਤ ਕੀਤੇ ਹਨ।	ਇਸ ਤੋਂ ਇਲਾਵਾ, ਪ੍ਰਯੋਗਸ਼ਾਲਾਵਾਂ ਨੇ ਸਥਾਨਕ ਪ੍ਰਸ਼ਾਸਨ ਨਾਲ ਸਾਂਝ ਕਰਕੇ ਪੁਲਿਸ ਫੋਰਸ, ਨਗਰ ਨਿਗਮਾਂ, ਬਿਜਲੀ ਸਪਲਾਈ ਅੰਡਰਟੇਕਿੰਗਾਂ, ਮੈਡੀਕਲ ਕਾਲਜਾਂ, ਹਸਪਤਾਲਾਂ, ਪੰਚਾਇਤਾਂ ਅਤੇ ਬੈਂਕਾਂ ਸਮੇਤ ਕਈ ਹੋਰਾਂ ਵਿੱਚ ਸੈਨਟਾਈਜ਼ਰਾਂ ਅਤੇ ਡਿਸਇਨਫੈਕਟੈਂਟਸ ਦੇ ਵੰਡ ਕੀਤੀ। ਸੀਐਸਆਈਆਰ ਪ੍ਰਯੋਗਸ਼ਾਲਾਵਾਂ ਨੇ ਸਥਾਨਕ ਕੱਚੇ ਮਾਲ ਤੋਂ ਪ੍ਰਭਾਵਸ਼ਾਲੀ, ਸੁਰੱਖਿਅਤ ਅਤੇ ਕਿਫਾਇਤੀ ਸੈਨਟਾਈਜ਼ਰਾਂ ਅਤੇ ਡਿਸਇਨਫੈਕਟੈਂਟਸ ਵਿਕਸਿਤ ਕੀਤੇ ਹਨ।	0.08	0.41	0.29
1040	[[0.940526]]	Welcoming the delegation, National Security Advisor, Shri Ajit Doval, said that the whole world is looking at India today, and it is the responsibility of all segments of Indian society to take the nation forward.	ਵਫ਼ਦ ਦਾ ਸਵਾਗਤ ਕਰਦੇ ਹੋਏ ਰਾਸ਼ਟਰੀ ਸੁਰੱਖਿਆ ਸਲਾਹਕਾਰ ਸ਼੍ਰੀ ਅਜੀਤ ਡੋਵਾਲ ਨੇ ਕਿਹਾ ਕਿ ਅੱਜ ਪੂਰੀ ਦੁਨੀਆ ਭਾਰਤ ਵੱਲ ਦੇਖ ਰਹੀ ਹੈ ਅਤੇ ਭਾਰਤੀ ਸਮਾਜ ਦੇ ਸਾਰੇ ਹਿੱਸਿਆਂ ਦੀ ਜ਼ਿੰਮੇਵਾਰੀ ਬਣਦੀ ਹੈ ਕਿ ਉਹ ਰਾਸ਼ਟਰ ਨੂੰ ਅੱਗੇ ਲੈ ਕੇ ਜਾਣ।	0.940526	True	True	ਦੇਹਿਰਾ ਸਵਾਗਤ ਕਰਦੇ ਹੋਏ, ਰਾਸ਼ਟਰੀ ਸੁਰੱਖਿਆ ਸਲਾਹਕਾਰ, ਸ਼੍ਰੀ ਅਜੀਤ ਦੋਵਾਲ, ਨੇ ਕਿਹਾ ਕਿ ਪੂਰੀ ਦੁਨੀਆ ਆਜ ਭਾਰਤ ਨੂੰ ਦੇਖ ਰਹੀ ਹੈ, ਅਤੇ ਭਾਰਤੀ ਸਮਾਜ ਦੇ ਸਾਰੇ ਵਿਭਾਗਾਂ ਦਾ ਭਾਰਤ ਨੂੰ ਆਗੇ ਲੈਣ ਦਾ ਜ਼ਿੰਮੇਵਾਰੀ ਹੈ।	ਵਫਦ ਦਾ ਸਵਾਗਤ ਕਰਦੇ ਹੋਏ, ਰਾਸ਼ਟਰੀ ਸੁਰੱਖਿਆ ਸਲਾਹਕਾਰ, ਸ਼੍ਰੀ ਅਜੀਤ ਡੋਵਲ ਨੇ ਕਿਹਾ ਕਿ ਪੂਰੀ ਦੁਨੀਆ ਅੱਜ ਭਾਰਤ ਵੱਲ ਦੇਖ ਰਹੀ ਹੈ ਅਤੇ ਭਾਰਤੀ ਸਮਾਜ ਦੇ ਸਾਰੇ ਵਰਗਾਂ ਦੀ ਜ਼ਿੰਮੇਵਾਰੀ ਹੈ ਕਿ ਦੇਸ਼ ਨੂੰ ਅੱਗੇ ਲੈ ਕੇ ਜਾਣ।	ਡੈਲੀਗੇਸ਼ਨ ਦਾ ਸਵਾਗਤ ਕਰਦਿਆਂ, ਰਾਸ਼ਟਰੀ ਸੁਰੱਖਿਆ ਸਲਾਹਕਾਰ ਸ਼੍ਰੀ ਅਜੀਤ ਦੋਵਲ ਨੇ ਕਿਹਾ ਕਿ ਆਜ ਸਾਰੀ ਦੁਨੀਆ ਭਾਰਤ ਨੂੰ ਦੇਖ ਰਹੀ ਹੈ, ਅਤੇ ਭਾਰਤੀ ਸਮਾਜ ਦੇ ਸਾਰੇ ਖੇਤਰਾਂ ਦੀ ਜ਼ਿੰਮੇਵਾਰੀ ਹੈ ਕਿ ਰਾਸ਼ਟਰ ਨੂੰ ਅੱਗੇ ਲੈ ਜਾਏ।	0.2	0.45	0.21
1043	[[0.90606666]]	Australia: Aaron Finch (captain), DArcy Short, Shaun Marsh, Marcus Stoinis, Usman Khawaja, Alex Carey, Peter Handscomb, Ashton Turner, Adam Zampa, Jason Behrendorff, Jhye Richardson, Pat Cummins, Andrew Tye, Nathan Coulter-Nile, Nathan Lyon.	ਆਸਟਰੇਲੀਆ : ਆਰੋਨ ਫਿੰਚ (ਕਪਤਾਨ), ਡਾਰਸੀ ਸ਼ਾਰਟ, ਸ਼ਾਨ ਮਾਰਸ਼, ਮਾਰਕਸ ਸਟੋਈਨਿਸ, ਉਸਮਾਨ ਖਵਾਜਾ, ਐਲੇਕਸ ਕਾਰੇ, ਪੀਟਰ ਹੈਂਡਸਕਾਂਬ, ਐਸ਼ਟਨ ਟਰਨਰ, ਐਡਮ ਜ਼ਾਂਪਾ, ਜੇਸਨ ਬੇਹਰੇਨਫੋਰਫ, ਜਾਏ ਰਿਚਰਡਸਨ, ਪੈਟ ਕਮਿੰਸ, ਐਂਡ੍ਰਿਊ ਟਾਈ, ਨਾਥਨ ਕੂਲਟਰ ਨਾਈਲ, ਨਾਥਨ ਲਿਓਨ।	0.90606666	True	True	ਆਸਟ੍ਰੇਲੀਆ: ਆਰਨ ਫਿੰਚ (ਕੈਪਟਨ), ਡਾਰਸੀ ਸ਼ੌਰਟ, ਸ਼ਾਊਨ ਮਾਰਸ਼, ਮਾਰਕੁਸ ਸਟੋਇਨਿਸ, ਉਸਮਾਨ ਖਵਾਜਾ, ਏਲੈਕਸ ਕੈਰੀ, ਪੀਟਰ ਹੈਂਡਸਕੋਮਬ, ਐਸ਼ਟਨ ਟਰਨਰ, ਐਡਮ ਜੈਮਪਾ, ਜੇਸਨ ਬਹੇਰੰਡੋਰਫ, ਝੈ ਰਿਚਰਡਸਨ, ਪੈਟ ਕਮਿੰਸ, ਐਂਡਰੂ ਟਾਈ, ਨਾਥਨ ਕੁਲਟਰ-ਨਾਇਲ, ਨਾਥਨ ਲਾਇਓਨ।	ਆਸਟ੍ਰੇਲੀਆ: ਆਰੋਨ ਫਿੰਚ (ਕਪਤਾਨ), ਡਾਰਸੀ ਸ਼ੌਰਟ, ਸ਼ੌਨ ਮਾਰਸ਼, ਮਾਰਕਸ ਸਟੋਇਨਿਸ, ਉਸਮਾਨ ਖਵਾਜਾ, ਐਲੈਕਸ ਕੇਰੀ, ਪੀਟਰ ਹੈਂਡਸਕੋਮ, ਐਸ਼ਟਨ ਟਰਨਰ, ਐਡਮ ਜੈਮਪਾ, ਜੇਸਨ ਬਹਰੇਨਡਾਰਫ਼, ਜੇ ਰਿਚਰਡਸਨ, ਪੈਟ ਕਮਿੰਸ, ਐਂਡਰੂ ਟਾਈ, ਨੈਥਨ ਕਲਟਰ-ਨਾਇਲ, ਨੈਥਨ ਲਾਇਨ।	ਆਸਟ੍ਰੇਲੀਆ: ਆਰਨ ਫਿੰਚ (ਕਪਤਾਨ), ਡੀਆਰਸੀ ਸ਼ਾਰਟ, ਸ਼ਾਨ ਮਾਰਸ਼, ਮਾਰਕਸ ਸਟੋਇਨਿਸ, ਉਸਮਾਨ ਖਵਾਜਾ, ਅਲੈਕਸ ਕੇਅਰੀ, ਪੀਟਰ ਹੈਂਡਸਕੰਬ, ਅਸ਼ਟਨ ਟਰਨਰ, ਅਡਮ ਜ਼ੈਂਪਾ, ਜੇਸਨ ਬੇਹਰੈਂਡੋਰਫ, ਜਾਈ ਰਿਚਰਡਸਨ, ਪੈਟ ਕੁਮਿੰਸ, ਐਂਡਰਿਊ ਟਾਈ, ਨਾਥਨ ਕੌਲਟਰ-ਨਾਈਲ, ਨਾਥਨ ਲਾਈਨ.	0.22	0.32	0.21
1086	[[0.9156228]]	A case under the Excise Act has been registered against them.	ਇਨ੍ਹਾਂ ਦੇ ਖਿਲਾਫ਼ ਐਕਸਾਈਜ਼ ਐਕਟ ਦਾ ਮਾਮਲਾ ਦਰਜ ਕਰ ਲਿਆ ਹੈ।	0.9156228	True	True	ਉਨ੍ਹਾਂ ਖਿਲਾਫ ਐਕਸਾਈਜ਼ ਐਕਟ ਦੇ ਤਹਤ ਮਾਮਲਾ ਦਰਜ ਕੀਤਾ ਗਿਆ ਹੈ।	ਉਨ੍ਹਾਂ ਦੇ ਵਿਰੁੱਧ ਸ਼ਰਾਬ ਕਾਨੂੰਨ ਅਧੀਨ ਇਕ ਮਾਮਲਾ ਦਰਜ ਕੀਤਾ ਗਿਆ ਹੈ।	ਉਨ੍ਹਾਂ ਖਿਲਾਫ਼ ਐਕਸਾਈਜ਼ ਐਕਟ ਅਧੀਨ ਇੱਕ ਕੇਸ ਦਰਜ ਕੀਤਾ ਗਿਆ ਹੈ।	0.0	0.0	0.0
1101	[[0.9194691]]	After this incident, the case was registered against Baba on the complaint of Rajinder Singh Sidhu.	ਇਸ ਤੋਂ ਬਾਅਦ ਰਜਿੰਦਰ ਸਿੰਘ ਸਿੱਧੂ ਦੀ ਸ਼ਿਕਾਇਤ 'ਤੇ ਹੀ ਬਾਬੇ ਖ਼ਿਲਾਫ ਮਾਮਲਾ ਦਰਜ ਹੋਇਆ।	0.9194691	True	True	ਇਸ ਘਟਨਾ ਤੋਂ ਬਾਅਦ, ਰਾਜਿੰਦਰ ਸਿੰਘ ਸਿੱਧੂ ਦੀ ਸ਼ਿਕਾਇਤ 'ਤੇ ਬਾਬਾ ਖਿਲਾਫ ਮਾਮਲਾ ਦਰਜ ਕੀਤਾ ਗਿਆ ਸੀ।	ਇਸ ਘਟਨਾ ਤੋਂ ਬਾਅਦ, ਰਾਜਿੰਦਰ ਸਿੰਘ ਸਿੱਧੂ ਦੀ ਸ਼ਿਕਾਇਤ 'ਤੇ ਬਾਬਾ ਦੇ ਖਿਲਾਫ ਕੇਸ ਦਰਜ ਕੀਤਾ ਗਿਆ।	ਇਸ ਘਟਨਾ ਤੋਂ ਬਾਅਦ, ਰਾਜਿੰਦਰ ਸਿੰਘ ਸਿੱਧੂ ਦੀ ਸ਼ਿਕਾਇਤ ਤੇ ਬਾਬਾ ਖਿਲਾਫ਼ ਮਾਮਲਾ ਦਰਜ ਕੀਤਾ ਗਿਆ।	0.0	0.0	0.2
1102	[[0.9030957]]	Australia: Aaron Finch (captain), Ashton Agar, Alex Carey (wicketkeeper), Pat Cummins (vice-captain), Peter Handscomb, Josh Hazlewood, Marnus Labuschagne, Kane Richardson, D'Arcy Short, Steve Smith, Mitchell Starc, Ashton Turner, David Warner, Adam Zampa.	ਆਸਟ੍ਰੇਲੀਆ: ਆਰੋਨ ਫਿੰਚ (ਕਪਤਾਨ), ਐਲੇਕਸ ਕੈਰੀ, ਪੈਟ ਕਮਿੰਸ, ਏਸ਼ਟਨ ਏਗਰ, ਪੀਟਰ ਹੈਂਡਸਕਾਂਬ, ਜੋਸ਼ ਹੇਜ਼ਲਵੁਡ, ਮਾਰਨਸ ਲਾਬੂਸ਼ਾਨੇ, ਕੇਨ ਰਿਚਰਡਸਨ, ਸਟੀਵ ਸਮਿਥ, ਮਿਸ਼ੇਲ ਸਟਾਰਕ, ਏਸ਼ਟਨ ਟਰਨਰ, ਡੇਵਿਡ ਵਾਰਨਰ ਤੇ ਐਡਮ ਜ਼ਾਂਪਾ।	0.9030957	True	True	ਆਸਟ੍ਰੇਲੀਆ: ਆਰਨ ਫਿੰਚ (ਕੈਪਟਨ), ਐਸਟਨ ਏਗਰ, ਐਲੈਕਸ ਕੇਰੀ (ਵਿਕਟਕੀਪਰ), ਪੈਟ ਕੁੰਮਿੰਸ (ਵਾਈਸ-ਕੈਪਟਨ), ਪੀਟਰ ਹੈਂਡਸਕੋਮਬ, ਜੋਸ਼ ਹੇਜ਼ਲਵੂਡ, ਮਾਰਨੁਸ ਲੈਬੁਸ਼ੇਨ, ਕੇਨ ਰਿਚਰਡਸਨ, ਡਾਰਸੀ ਸ਼ੌਰਟ, ਸਟੀਵ ਸਮਿਥ, ਮਿਚੇਲ ਸਟਾਰਕ, ਐਸਟਨ ਟਰਨਰ, ਡੇਵਿਡ ਵਾਰਨਰ, ਐਡਮ ਜੈਮਪਾ।	ਆਸਟ੍ਰੇਲੀਆ: ਆਰੋਨ ਫਿੰਚ (ਕੈਪਟਨ), ਐਸ਼ਟਨ ਅਗਰ, ਐਲੈਕਸ ਕੇਰੀ (ਵਿਕਟਕੀਪਰ), ਪੈਟ ਕਮਿੰਸ (ਉਪ ਕੈਪਟਨ), ਪੀਟਰ ਹੈਂਡਸਕੋਮ, ਜੋਸ਼ ਹੇਜ਼ਲਵੁਡ, ਮਾਰਨਸ ਲਾਬੂਸ਼ੇਨ, ਕੇਨ ਰਿਚਰਡਸਨ, ਡਾਰਸੀ ਸ਼ਾਰਟ, ਸਟੀਵ ਸਮਿਥ, ਮਿਚੇਲ ਸਟਾਰਕ, ਐਸ਼ਟਨ ਟਰਨਰ, ਡੇਵਿਡ ਵਾਰਨਰ, ਐਡਮ ਜ਼ੈਂਪਾ।	ਆਸਟ੍ਰੇਲੀਆ: ਆਰਨ ਫਿੰਚ (ਕਪਤਾਨ), ਐਸ਼ਟਨ ਐਗਰ, ਐਲੈਕਸ ਕੈਰੀ (ਵਿਕਟਕੀਪਰ), ਪੈਟ ਕਮਿੰਸ (ਉਪ-ਕਪਤਾਨ), ਪੀਟਰ ਹੈਂਡਸਕੋਮ, ਜੋਸ਼ ਹੇਜ਼ਲਵੁੱਡ, ਮਾਰਨਸ ਲਾਬੁਸ਼ੇਨ, ਕੇਨ ਰਿਚਰਡਸਨ, ਡੀ'ਆਰਸੀ ਸ਼ਾਰਟ, ਸਟੀਵ ਸਮਿੱਥ, ਮਿੱਚੇਲ ਸਟਾਰਕ, ਐਸ਼ਟਨ ਟਰਨਰ, ਡੇਵਿਡ ਵਾਰਨਰ, ਆਡਮ ਜ਼ਾਮਪਾ.	0.19	0.25	0.22
1113	[[0.9260553]]	Around 9 lakh migrants are already on their way back, following the lockdown.	ਲਗਭਗ 9 ਲੱਖ ਪ੍ਰਵਾਸੀ ਪਹਿਲਾਂ ਹੀ ਤਾਲਾਬੰਦੀ ਤੋਂ ਬਾਅਦ ਵਾਪਸ ਆ ਰਹੇ ਹਨ।	0.9260553	True	True	ਲਾਕਡਾਉਨ ਨੂੰ ਪਿੱਛੇ ਛੱਡ ਕੇ ਪਹਿਲਾਂ 9 ਲੱਖ ਪਰਵਾਸੀ ਹੀ ਵਾਪਸੀ ਦੇ ਰਾਸਤੇ 'ਤੇ ਹਨ।	ਲਗਭਗ 9 ਲੱਖ ਮਾਈਗ੍ਰੈਂਟ ਲੌਕਡਾਊਨ ਤੋਂ ਬਾਅਦ ਵਾਪਸ ਜਾ ਰਹੇ ਹਨ।	ਲਾਕਡਾਊਨ ਤੋਂ ਬਾਅਦ ਲਗਭਗ 9 ਲੱਖ ਪਰਵਾਸੀ ਪਹਿਲਾਂ ਹੀ ਵਾਪਸ ਆ ਰਹੇ ਹਨ।	0.0	0.0	0.34
1138	[[0.9008308]]	We find mention of 81 democracies in ancient India.	ਪ੍ਰਾਚੀਨ ਭਾਰਤ ’ਚ 81 ਗਣਰਾਜਾਂ ਦਾ ਵਰਣਨ ਸਾਨੂੰ ਮਿਲਦਾ ਹੈ।	0.9008308	True	True	ਆਧੁਨਿਕ ਭਾਰਤ ਵਿਚ 81 ਲੋਕਤੰਤਰਾਂ ਦੀ ਉਲਲੇਖਣਾ ਮਿਲਦਾ ਹੈ।	ਸਾਨੂੰ ਪ੍ਰਾਚੀਨ ਭਾਰਤ ਵਿੱਚ 81 ਲੋਕਤੰਤਰਾਂ ਦਾ ਜ਼ਿਕਰ ਮਿਲਦਾ ਹੈ।	ਪੁਰਾਣੇ ਭਾਰਤ ਵਿੱਚ 81 ਲੋਕਤੰਤਰਾਂ ਦਾ ਜ਼ਿਕਰ ਮਿਲਦਾ ਹੈ।	0.0	0.0	0.0
1144	[[0.92555445]]	They have a son, Shri Prashant Kumar, and a daughter, Miss Swati.	ਉਨ੍ਹਾਂ ਦਾ ਇੱਕ ਪੁੱਤਰ ਸ਼੍ਰੀ ਪ੍ਰਸ਼ਾਂਤ ਕੁਮਾਰ ਅਤੇ ਇੱਕ ਧੀ ਸੁਸ਼੍ਰੀ ਸਵਾਤੀ ਹੈ।	0.92555445	True	True	ਉਹਨਾਂ ਦੇ ਇੱਕ ਪੁੱਤਰ ਹੈ, ਸ਼੍ਰੀ ਪ੍ਰਸ਼ਾਂਤ ਕੁਮਾਰ, ਅਤੇ ਇੱਕ ਕੁੜੀ, ਮਿਸ ਸਵਤੀ।	ਉਨ੍ਹਾਂ ਦਾ ਇੱਕ ਪੁੱਤਰ, ਸ਼੍ਰੀ ਪ੍ਰਸ਼ਾਂਤ ਕੁਮਾਰ, ਅਤੇ ਇੱਕ ਧੀ, ਮਿਸ ਸਵਾਤੀ ਹੈ।	ਉਨ੍ਹਾਂ ਦਾ ਇੱਕ ਪੁੱਤਰ ਸ਼੍ਰੀ ਪ੍ਰਸ਼ਾਂਤ ਕੁਮਾਰ ਅਤੇ ਇੱਕ ਧੀ ਮਿਸ ਸਵਾਤੀ ਹੈ।	0.0	0.31	0.79
1146	[[0.9157506]]	He assured Bobbys family members that the government would bear the entire expenditure of his treatment.	ਉਨ੍ਹਾਂ ਨੇ ਬੌਬੀ ਦੇ ਪਰਿਵਾਰ ਦੇ ਮੈਂਬਰਾਂ ਨੂੰ ਭਰੋਸਾ ਦਿਵਾਇਆ ਹੈ ਕਿ ਉਸ ਦੇ ਇਲਾਜ ਦਾ ਸਮੁੱਚਾ ਖਰਚਾ ਸਰਕਾਰ ਸਹਿਣ ਕਰੇਗੀ।	0.9157506	True	True	ਉਸਨੇ ਬੋਬੀ ਦੇ ਪਰਿਵਾਰ ਦੇ ਸਭ ਸਭਿਆਚਾਰੀਆਂ ਨੂੰ ਮੰਨੀਆ ਕਿ ਸਰਕਾਰ ਉਸਦੇ ਇਲਾਜ ਦੇ ਪੂਰੇ ਖਰਚ ਉਠਾਵੇਗੀ।	ਉਸਨੇ ਬੌਬੀ ਦੇ ਪਰਿਵਾਰਕ ਮੈਂਬਰਾਂ ਨੂੰ ਭਰੋਸਾ ਦਿਵਾਇਆ ਕਿ ਸਰਕਾਰ ਉਸਦੇ ਇਲਾਜ ਦੇ ਸਾਰੇ ਖਰਚੇ ਨੂੰ ਝਿਲਵੇਗੀ।	ਉਸ ਨੇ ਬੌਬੀ ਦੇ ਪਰਿਵਾਰ ਦੇ ਮੈਂਬਰਾਂ ਨੂੰ ਯਕੀਨ ਦਿਲਾਇਆ ਕਿ ਸਰਕਾਰ ਉਸ ਦੇ ਇਲਾਜ ਦਾ ਸਾਰਾ ਖਰਚਾ ਉਠਾਏਗੀ।	0.0	0.15	0.42
1167	[[0.9651538]]	Police has registered a case against them.	ਪੁਲੀਸ ਨੇ ਇਨ੍ਹਾਂ ਖ਼ਿਲਾਫ ਕੇਸ ਦਰਜ ਕਰ ਲਿਆ ਹੈ।	0.9651538	False	True	ਪੁਲਿਸ ਨੇ ਉਨ੍ਹਾਂ ਖਿਲਾਫ ਮਾਮਲਾ ਦਰਜ ਕਰ ਲਿਆ ਹੈ।	ਪੁਲਿਸ ਨੇ ਉਨ੍ਹਾਂ ਖਿਲਾਫ ਮੁਕੱਦਮਾ ਦਰਜ ਕੀਤਾ ਹੈ।	ਪੁਲਿਸ ਨੇ ਉਨ੍ਹਾਂ ਖਿਲਾਫ਼ ਮਾਮਲਾ ਦਰਜ ਕਰ ਲਿਆ ਹੈ।	0.32	0.0	0.32
1178	[[0.94676644]]	The Indian men's team will play against hosts Japan, New Zealand and Malaysia, while the women will be up against Australia, China and Japan.	ਭਾਰਤ ਦੀ ਮਰਦ ਟੀਮ ਮੇਜ਼ਬਾਨ ਜਾਪਾਨ, ਨਿਊਜ਼ੀਲੈਂਡ ਤੇ ਮਲੇਸ਼ੀਆ ਨਾਲ ਖੇਡੇਗੀ ਜਦਕਿ ਮਹਿਲਾ ਟੀਮ ਨੇ ਆਸਟ੍ਰੇਲੀਆ, ਚੀਨ ਤੇ ਜਾਪਾਨ ਦਾ ਸਾਹਮਣਾ ਕਰਨਾ ਹੈ।	0.94676644	True	True	ਭਾਰਤੀ ਮਰਦਾਂ ਦੀ ਟੀਮ ਜਾਪਾਨ, ਨਿਊਜੀਲੈਂਡ ਅਤੇ ਮਲੇਸ਼ੀਆ ਨਾਲ ਮੁਕਾਬਲਾ ਕਰੇਗੀ, ਜਦੋਂ ਕਿ ਔਰਤਾਂ ਆਸਟ੍ਰੇਲੀਆ, ਚੀਨ ਅਤੇ ਜਾਪਾਨ ਨਾਲ ਮੁਕਾਬਲਾ ਕਰੇਂਗੀ।	ਭਾਰਤੀ ਮਰਦਾਂ ਦੀ ਟੀਮ ਮਿਜਬਾਨ ਜਪਾਨ, ਨਿਊਜ਼ੀਲੈਂਡ ਅਤੇ ਮਲੇਸ਼ੀਆ ਦੇ ਵਿਰੁੱਧ ਖੇਡੇਗੀ, ਜਦਕਿ ਔਰਤਾਂ ਦੀ ਟੀਮ ਆਸਟ੍ਰੇਲੀਆ, ਚੀਨ ਅਤੇ ਜਪਾਨ ਦੇ ਮੁਕਾਬਲੇ ਖੇਡੇਗੀ।	ਭਾਰਤੀ ਮਰਦ ਟੀਮ ਮੇਜ਼ਬਾਨ ਜਪਾਨ, ਨਿਊਜ਼ੀਲੈਂਡ ਅਤੇ ਮਲੇਸ਼ੀਆ ਦੇ ਵਿਰੁੱਧ ਖੇਡੇਗੀ, ਜਦੋਂ ਕਿ ਔਰਤਾਂ ਆਸਟਰੇਲੀਆ, ਚੀਨ ਅਤੇ ਜਪਾਨ ਦੇ ਵਿਰੁੱਧ ਹੋਣਗੀਆਂ।	0.0	0.0	0.0
1182	[[0.91358304]]	So now the father is, in effect, saying to his older boy: This is not just my son.	ਇਸ ਲਈ ਹੁਣ ਪਿਤਾ ਆਪਣੇ ਵੱਡੇ ਪੁੱਤਰ ਨੂੰ ਮਾਨੋ ਇਹ ਕਹਿ ਰਿਹਾ ਹੈ: ‘ ਇਹ ਸਿਰਫ਼ ਮੇਰਾ ਪੁੱਤਰ ਹੀ ਨਹੀਂ ਹੈ ।	0.91358304	True	True	ਇਸ ਲਈ ਹੁਣ ਪਿਤਾ, ਵਾਸਤਵਿਕ ਤੌਰ 'ਤੇ, ਉਸ ਦੇ ਵੱਡੇ ਪੁੱਤਰ ਨੂੰ ਕਹ ਰਿਹਾ ਹੈ: ਇਹ ਮੇਰਾ ਸੋਹਣਾ ਨਹੀਂ ਹੈ।	ਇਸ ਲਈ ਹੁਣ ਪਿਤਾ ਅਸਲ ਵਿੱਚ ਆਪਣੇ ਵੱਡੇ ਪੁੱਤਰ ਨੂੰ ਕਹਿ ਰਹੇ ਹਨ: ਇਹ ਸਿਰਫ ਮੇਰਾ ਪੁੱਤਰ ਨਹੀਂ ਹੈ।	ਹੁਣ ਪਿਤਾ ਆਪਣੇ ਵੱਡੇ ਪੁੱਤਰ ਨੂੰ ਕਹਿ ਰਿਹਾ ਹੈ: ਇਹ ਸਿਰਫ਼ ਮੇਰਾ ਪੁੱਤਰ ਨਹੀਂ ਹੈ।	0.2	0.25	0.4
1204	[[0.9098522]]	Chander Shekhar, Secretary, Haryana Human Rights Commission, has been posted as Commissioner, Hisar division.	ਹਰਿਆਣਾ ਸਕੱਤਰੇਤ ਸਥਾਪਨਾ ਤੇ ਸਹਿਕਾਰਤਾ ਵਿਭਾਗ ਦੇ ਸਕੱਤਰ ਚੰਦਰ ਸ਼ੇਖਰ ਨੂੰ ਹਰਿਆਣਾ ਦੇ ਮਨੁੱਖੀ ਅਧਿਕਾਰ ਕਮਿਸ਼ਨ ਦਾ ਸਕੱਤਰ ਨਿਯੁਕਤ ਕੀਤਾ ਗਿਆ ਹੈ।	0.9098522	True	True	ਚੰਦਰ ਸੇਖਰ, ਸੈਕਰੇਟਰੀ, ਹਰਿਆਣਾ ਮਨੁੱਖ ਅਧਿਕਾਰ ਕਮਿਸ਼ਨ, ਨੂੰ ਹੀਸਾਰ ਵਿਭਾਗ ਦੇ ਕਮਿਸ਼ਨਰ ਵਜੋਂ ਨਿਯੁਕਤ ਕੀਤਾ ਗਿਆ ਹੈ।	ਚੰਦਰ ਸ਼ੇਖਰ, ਸਚਿਵ, ਹਰਿਆਣਾ ਮਨੁੱਖੀ ਅਧਿਕਾਰ ਕਮਿਸ਼ਨ, ਨੂੰ ਹਿਸਾਰ ਡਵੀਜ਼ਨ ਦੇ ਕਮਿਸ਼ਨਰ ਵਜੋਂ ਤੈਨਾਤ ਕੀਤਾ ਗਿਆ ਹੈ।	ਚੰਦਰ ਸ਼ੇਖਰ, ਸਕੱਤਰ, ਹਰਿਆਣਾ ਮਨੁੱਖੀ ਅਧਿਕਾਰ ਕਮਿਸ਼ਨ, ਨੂੰ ਹਿਸਾਰ ਡਿਵੀਜ਼ਨ ਦਾ ਕਮਿਸ਼ਨਰ ਨਿਯੁਕਤ ਕੀਤਾ ਗਿਆ ਹੈ।	0.16	0.0	0.19
1207	[[0.91354424]]	The dashboard contains state and district-wise information about the number of human resources available from each group, along with the contact details of the respective state and district nodal officers.	ਇਸ ਡੈਸ਼ਬੋਰਡ ’ਚ ਸਬੰਧਤ ਰਾਜ ਤੇ ਜ਼ਿਲ੍ਹਾ ਨੋਡਲ ਅਫ਼ਸਰਾਂ ਦੇ ਸੰਪਰਕ ਵੇਰਵਿਆਂ ਦੇ ਨਾਲ–ਨਾਲ ਹਰੇਕ ਸਮੂਹ ਤੋਂ ਉਪਲਬਧ ਮਨੁੱਖੀ ਸਰੋਤਾਂ ਦੀ ਗਿਣਤੀ ਬਾਰੇ ਰਾਜ ਤੇ ਜ਼ਿਲ੍ਹਾ ਕ੍ਰਮ ਅਨੁਸਾਰ ਜਾਣਕਾਰੀ ਦਰਜ ਹੈ।	0.91354424	True	True	ਡੈਸ਼ਬੋਰਡ ਵਿੱਚ ਹਰ ਗਰੁੱਪ ਤੋਂ ਉਪਲਬਧ ਮਨੁੱਖ ਸੰਸਾਧਨਾਂ ਦੇ ਬਾਰੇ ਰਾਜ ਅਤੇ ਜ਼ਿਲੇ ਦੀ ਜਾਣਕਾਰੀ ਸ਼ਾਮਲ ਹੈ, ਨਾਲ ਹੀ ਸਭ ਤੋਂ ਸੰਪਰਕ ਕਰਨ ਵਾਲੇ ਰਾਜ ਅਤੇ ਜ਼ਿਲੇ ਦੇ ਨੋਡਲ ਅਧਿਕਾਰੀਆਂ ਦੇ ਸੰਪਰਕ ਵੇਰਵੇ।	ਡੈਸ਼ਬੋਰਡ ਵਿੱਚ ਹਰ ਗਰੁੱਪ ਤੋਂ ਉਪਲਬਧ ਮਨੁੱਖੀ ਸਾਧਨਾਂ ਦੀ ਗਿਣਤੀ ਬਾਰੇ ਰਾਜ ਅਤੇ ਜ਼ਿਲ੍ਹਾ ਵਾਰ ਜਾਣਕਾਰੀ ਸ਼ਾਮਲ ਹੈ, ਨਾਲ ਹੀ ਸੰਬੰਧਿਤ ਰਾਜ ਅਤੇ ਜ਼ਿਲ੍ਹਾ ਨੋਡਲ ਅਧਿਕਾਰੀਆਂ ਦੇ ਸੰਪਰਕ ਵੇਰਵੇ ਵੀ ਹਨ।	ਡੈਸ਼ਬੋਰਡ ਵਿੱਚ ਹਰ ਗਰੁੱਪ ਤੋਂ ਉਪਲਬਧ ਮਨੁੱਖੀ ਸਰੋਤਾਂ ਦੀ ਸੂਬਾ ਅਤੇ ਜ਼ਿਲ੍ਹਾ-ਵਾਰ ਜਾਣਕਾਰੀ ਹੈ, ਜਿਸ ਵਿੱਚ ਸੂਬਾ ਅਤੇ ਜ਼ਿਲ੍ਹਾ ਨੋਡਲ ਅਫਸਰਾਂ ਦੇ ਸੰਪਰਕ ਵੇਰਵੇ ਵੀ ਸ਼ਾਮਲ ਹਨ।	0.0	0.13	0.14
1219	[[0.9139564]]	This include enabling online learning licenses, increasing validity period for driving licenses, doing away with the requirements of educational qualifications for transport licenses are some of the features.	ਇਸ ਵਿੱਚ ਆੱਨਲਾਈਨ ਲਰਨਿੰਗ ਲਾਇਸੈਂਸ ਦੇਣੇ ਯੋਗ ਬਣਾਉਣਾ, ਡਰਾਈਵਿੰਗ ਲਾਇਸੈਂਸਾਂ ਦੀ ਵੈਧਤਾ ਮਿਆਦ ਵਿੱਚ ਵਾਧਾ ਕਰਨਾ, ਟਰਾਂਸਪੋਰਟ ਲਾਇਸੈਂਸਾਂ ਲਈ ਵਿਦਿਅਕ ਯੋਗਤਾਵਾਂ ਦੀਆਂ ਜ਼ਰੂਰਤਾਂ ਖ਼ਤਮ ਕਰਨ ਜਿਹੀਆਂ ਕੁਝ ਵਿਸ਼ੇਸ਼ਤਾਵਾਂ ਸ਼ਾਮਲ ਹਨ।	0.9139564	True	True	ਇਸ ਵਿਚ ਆਨਲਾਈਨ ਸਿੱਖਿਆ ਲਾਈਸੰਸ ਦੀਆਂ ਯੋਗਤਾਵਾਂ ਦੀ ਸੰਭਾਵਨਾ, ਡਰਾਈਵਿੰਗ ਲਾਈਸੰਸ ਦੀ ਮਾਨ੍ਯਤਾ ਅਵਧੀ ਵਧਾਉਣਾ, ਰਵਾਇਤੀ ਯੋਗਤਾਵਾਂ ਦੇ ਲਈ ਸਿਖਿਆ ਦੀ ਜ਼ਰੂਰਤ ਦੀ ਮਿਟਾਉਣਾ ਕੁਝ ਵਿਸ਼ੇਸ਼ਤਾਵਾਂ ਹਨ।	ਇਸ ਵਿੱਚ ਆਨਲਾਈਨ ਲਰਨਿੰਗ ਲਾਇਸੰਸ ਨੂੰ ਯੋਗ ਬਣਾਉਣਾ, ਡਰਾਈਵਿੰਗ ਲਾਇਸੰਸ ਲਈ ਵੈਧਤਾ ਮਿਆਦ ਨੂੰ ਵਧਾਉਣਾ, ਟ੍ਰਾਂਸਪੋਰਟ ਲਾਇਸੰਸ ਲਈ ਤਾਲੀਮੀ ਯੋਗਤਾਵਾਂ ਦੀਆਂ ਲੋੜਾਂ ਨੂੰ ਖਤਮ ਕਰਨਾ ਕੁਝ ਖਾਸ ਖਾਸ ਬਿੰਦੂ ਸ਼ਾਮਲ ਹਨ।	ਇਹ ਇਸ ਵਿੱਚ ਸ਼ਾਮਲ ਹਨ ਔਨਲਾਈਨ ਸਿੱਖਿਆ ਲਾਇਸੰਸ ਦੀ ਸਹੂਲਤ, ਡਰਾਈਵਿੰਗ ਲਾਇਸੰਸ ਦੀ ਵੈਧਤਾ ਕਾਲ ਵਧਾਉਣਾ, ਟਰਾਂਸਪੋਰਟ ਲਾਇਸੰਸ ਲਈ ਸਿੱਖਿਆ ਯੋਗਤਾ ਦੀਆਂ ਲੋੜਾਂ ਖ਼ਤਮ ਕਰਨਾ ਆਦਿ ਵਿਸ਼ੇਸ਼ਤਾਵਾਂ ਹਨ।	0.0	0.12	0.0
1223	[[0.9132897]]	Justice Asif Khosa appointed new Chief Justice of Pakistan	ਜਸਟਿਸ ਆਸਿਫ਼ ਸਈਦ ਖੋਸਾ ਨੂੰ ਪਾਕਿਸਤਾਨ ਦੀ ਨਵੀਂ ਚੀਫ਼ ਜਸਟਿਸ ਥਾਪ ਦਿੱਤਾ ਗਿਆ ਹੈ।	0.9132897	True	True	ਜਸਟਿਸ ਆਸ਼ਿਫ ਖੋਸਾ ਨੂੰ ਨਵਾਂ ਪਾਕਿਸਤਾਨ ਦਾ ਮੁੱਖ ਨਯਾਬ ਨਿਯੁਕਤ ਕੀਤਾ ਗਿਆ ਹੈ।	ਜਸਟਿਸ ਅਸੀਫ ਖੋਸਾ ਨੂੰ ਪਾਕਿਸਤਾਨ ਦਾ ਨਵਾਂ ਮੁਖੀ ਨਿਆਂਪਤੀ ਨਿਯੁਕਤ ਕੀਤਾ ਗਿਆ।	ਪਾਕਿਸਤਾਨ ਦੇ ਨਵੇਂ ਚੀਫ਼ ਜਸਟਿਸ ਵਜੋਂ ਜਸਟਿਸ ਆਸਿਫ਼ ਖੋਸਾ ਦੀ ਨਿਯੁਕਤੀ ਹੋਈ ਹੈ।	0.0	0.0	0.0
1224	[[0.9212127]]	This question has been asked before, repeatedly.	ਇਹ ਸਵਾਲ ਪਹਿਲਾਂ ਵੀ ਵਾਰ-ਵਾਰ ਪੁੱਛਿਆ ਜਾ ਚੁੱਕਾ ਹੈ।	0.9212127	False	True	ਇਹ ਸਵਾਲ ਪਹਿਲਾਂ ਵੀ ਬਾਰ-ਬਾਰ ਪੁੱਛਿਆ ਗਿਆ ਹੈ।	ਇਹ ਪ੍ਰਸ਼ਨ ਪਹਿਲਾਂ ਵੀ ਕਈ ਵਾਰੀ ਪੁੱਛਿਆ ਜਾ ਚੁੱਕਾ ਹੈ।	ਇਹ ਸਵਾਲ ਪਹਿਲਾਂ ਵੀ ਕਈ ਵਾਰ ਪੁੱਛਿਆ ਗਿਆ ਹੈ।	0.34	0.32	0.33
1241	[[0.90202063]]	Finally,the school principal honoured the prize winners.	ਅੰਤ ਵਿਚ ਸਕੂਲ ਪ੍ਰਮੁੱਖ ਵੱਲੋਂ ਜੇਤੂ ਵਿਦਿਆਰਥੀਆਂ ਨੂੰ ਸਨਮਾਨਿਤ ਕੀਤਾ ਗਿਆ।	0.90202063	False	True	ਆਖਰਕਾਰ, ਸਕੂਲ ਦੇ ਪ੍ਰਿੰਸਿਪਾਲ ਨੇ ਇਨਾਮ ਜਿੱਤਣ ਵਾਲਿਆਂ ਨੂੰ ਸਨਮਾਨ ਦਿੱਤਾ।	ਅੰਤ ਵਿੱਚ, ਸਕੂਲ ਦੇ ਪ੍ਰਧਾਨਾਚਾਰਿਆ ਨੇ ਇਨਾਮ ਜੇਤੂਆਂ ਨੂੰ ਸਨਮਾਨਿਤ ਕੀਤਾ।	ਅੰਤ ਵਿੱਚ, ਸਕੂਲ ਦੇ ਪ੍ਰਿੰਸੀਪਲ ਨੇ ਇਨਾਮ ਜੇਤੂਆਂ ਨੂੰ ਸਨਮਾਨਿਤ ਕੀਤਾ।	0.0	0.0	0.0
1244	[[0.9047179]]	What helped you to deal with this very trying situation?	ਇਸ ਔਖੀ ਸਥਿਤੀ ਦਾ ਸਾਮ੍ਹਣਾ ਕਰਨ ਵਿਚ ਕਿਹੜੀ ਗੱਲ ਨੇ ਤੁਹਾਡੀ ਮਦਦ ਕੀਤੀ?	0.9047179	True	True	ਇਹ ਬਹੁਤ ਕੋਸ਼ਿਸ਼ਪੂਰਨ ਸਥਿਤੀ ਨਾਲ ਨਿਬੇੜਨ ਤੁਹਾਨੂੰ ਕੀ ਮਦਦ ਮਿਲੀ ਸੀ?	ਇਸ ਬਹੁਤ ਹੀ ਕਠਿਨ ਸਥਿਤੀ ਨਾਲ ਨਜਿੱਠਣ ਵਿੱਚ ਤੁਹਾਡੀ ਕੀ ਮਦਦ ਕੀਤੀ?	ਇਸ ਬਹੁਤ ਕਠਿਨ ਸਥਿਤੀ ਨੂੰ ਸੰਭਾਲਣ ਲਈ ਤੁਹਾਡੇ ਕੋਲ ਕੀ ਮਦਦ ਕੀਤੀ?	0.0	0.0	0.0
1247	[[0.9010479]]	The BJP has launched its campaign for Delhi with Prime Minister Narendra Modi holding a rally in the capitals Ramlila Maidan last month over the issue of regularizing 1,731 unauthorized colonies, one of the mainstays of the partys campaign for the elections.	ਭਾਜਪਾ ਨੇ ਦਿੱਲੀ ਲਈ ਆਪਣੀ ਮੁਹਿੰਮ ਦੀ ਸ਼ੁਰੂਆਤ ਪ੍ਰਧਾਨ ਮੰਤਰੀ ਨਰਿੰਦਰ ਮੋਦੀ ਦੇ ਨਾਲ ਪਿਛਲੇ ਮਹੀਨੇ ਰਾਜਧਾਨੀ ਦੇ ਰਾਮਲੀਲਾ ਮੈਦਾਨ 'ਚ ਇਕ ਰੈਲੀ ਦੇ ਰੂਪ 'ਚ ਕੀਤੀ ਹੈ, ਜਿਸ 'ਚ 1,731 ਨਾਜਾਇਜ਼ ਕਾਲੋਨੀਆਂ ਨੂੰ ਰੈਗੂਲਰ ਕਰਨ ਦੇ ਮੁੱਦੇ 'ਤੇ ਚੋਣ ਲਈ ਪਾਰਟੀ ਦੀ ਮੁਹਿੰਮ ਦਾ ਇਕ ਮੁੱਖ ਆਧਾਰ ਹੈ।	0.9010479	True	True	BJP ਨੇ ਦਿੱਲੀ ਲਈ ਆਪਣੇ ਪ੍ਰਚਾਰ ਨੂੰ ਸ਼ੁਰੂ ਕੀਤਾ ਹੈ, ਪ੍ਰਧਾਨ ਮੰਤਰੀ ਨਰਿੰਦਰ ਮੋਦੀ ਨੇ ਪਿਛਲੇ ਮਹੀਨੇ ਰਾਮਲੀਲਾ ਮੈਦਾਨ ਵਿੱਚ ਰੈਲੀ ਕਰਦੀ ਹੈ, 1,731 ਅਧਾਰਹੀਨ ਕੋਲੋਨੀਆਂ ਦੀ ਨਿਯਮਿਤਕਰਣ ਦੇ ਮੁਦਿਆ 'ਤੇ, ਜੋ ਚੋਣਾਂ ਲਈ ਪਾਰਟੀ ਦੀ ਪ੍ਰਚਾਰ ਦਾ ਇੱਕ ਮੁੱਖ ਸਾਧਾਰਣ ਹੈ।	ਭਾਜਪਾ ਨੇ ਦਿੱਲੀ ਲਈ ਆਪਣੀ ਮੁਹਿੰਮ ਸ਼ੁਰੂ ਕੀਤੀ ਹੈ, ਜਿਸ ਵਿੱਚ ਪ੍ਰਧਾਨ ਮੰਤਰੀ ਨਰਿੰਦਰ ਮੋਦੀ ਨੇ ਪਿਛਲੇ ਮਹੀਨੇ ਰਾਜਧਾਨੀ ਦੇ ਰਾਮਲੀਲਾ ਮੈਦਾਨ ਵਿੱਚ ਰੈਲੀ ਕੀਤੀ ਸੀ। ਇਹ ਮੁੱਦਾ 1,731 ਗੈਰਕਾਨੂੰਨੀ ਕਾਲੋਨੀਆਂ ਨੂੰ ਨਿਯਮਤ ਕਰਨਾ ਸੀ, ਜੋ ਚੋਣਾਂ ਲਈ ਪਾਰਟੀ ਦੀ ਮੁਹਿੰਮ ਦੇ ਮੁੱਖ ਅੰਸ਼ਾਂ ਵਿੱਚੋਂ ਇੱਕ ਹੈ।	ਭਾਜਪਾ ਨੇ ਦਿੱਲੀ ਲਈ ਆਪਣੇ ਪ੍ਰਚਾਰ ਦੀ ਸ਼ੁਰੂਆਤ ਕੀਤੀ ਹੈ, ਜਿਸ ਵਿੱਚ ਪ੍ਰਧਾਨ ਮੰਤਰੀ ਨਰੇਂਦਰ ਮੋਦੀ ਨੇ ਪਿਛਲੇ ਮਹੀਨੇ ਰਾਮਲੀਲਾ ਮੈਦਾਨ ਵਿੱਚ ਇਕੱਠ ਕੀਤਾ ਸੀ, ਜਿਸ ਵਿੱਚ 1,731 ਅਣਅਧਿਕਾਰਤ ਕਾਲੋਨੀਆਂ ਨੂੰ ਨਿਯਮਤ ਕਰਨ ਦੇ ਮੁੱਦੇ ਉੱਤੇ ਚੋਣਾਂ ਲਈ ਪਾਰਟੀ ਦੇ ਪ੍ਰਚਾਰ ਦਾ ਮੁੱਖ ਹਿੱਸਾ ਸੀ।	0.12	0.34	0.16
1249	[[0.92111766]]	He was taken to a local hospital where doctors pronounced his death.	ਉਹਨਾਂ ਨੂੰ ਸਥਾਨਕ ਹਸਪਤਾਲ ਲਿਜਾਇਆ ਗਿਆ, ਜਿੱਥੇ ਡਾਕਟਰਾਂ ਨੇ ਉਹਨਾਂ ਨੂੰ ਮ੍ਰਿਤਕ ਐਲਾਨ ਦਿੱਤਾ।	0.92111766	True	True	ਉਸਨੂੰ ਸਥਾਨਕ ਅਸਪਤਾਲ ਲਿਆਯਾ ਗਿਆ ਜਿੱਥੇ ਡਾਕਟਰ ਉਸਦੀ ਮੌਤ ਦਾ ਦੁਬਾਰਾ ਕਰ ਦਿੱਤਾ।	ਉਸ ਨੂੰ ਇੱਕ ਸਥਾਨਕ ਹਸਪਤਾਲ ਲਿਜਾਇਆ ਗਿਆ ਜਿੱਥੇ ਡਾਕਟਰਾਂ ਨੇ ਉਸ ਦੀ ਮੌਤ ਦਾ ਐਲਾਨ ਕੀਤਾ।	ਉਸ ਨੂੰ ਸਥਾਨਕ ਹਸਪਤਾਲ ਲੈ ਜਾਇਆ ਜਿੱਥੇ ਡਾਕਟਰਾਂ ਨੇ ਉਸ ਦੀ ਮੌਤ ਦਾ ਐਲਾਨ ਕਰ ਦਿੱਤਾ।	0.0	0.24	0.0
1262	[[0.92467475]]	In this competition, 12 teams participated.	ਟੂਰਨਾਮੈਂਟ ’ਚ ਇਸ ਖੇਤਰ ਦੀਆਂ 12 ਟੀਮਾਂ ਨੇ ਭਾਗ ਲਿਆ।	0.92467475	False	True	ਇਸ ਮੁਕਾਬਲੇ ਵਿਚ, 12 ਟੀਮਾਂ ਨੇ ਭਾਗ ਲਿਆ।	ਇਸ ਮੁਕਾਬਲੇ ਵਿੱਚ 12 ਟੀਮਾਂ ਨੇ ਹਿੱਸਾ ਲਿਆ।	ਇਸ ਮੁਕਾਬਲੇ ਵਿੱਚ 12 ਟੀਮਾਂ ਨੇ ਹਿੱਸਾ ਲਿਆ।	0.42	0.0	0.0
1335	[[0.92467237]]	"""""""""""""""Kazakhstan's hosting of the Congress, in the words of analyst Roman Muzalevsky, """"""""""""""""places obligations on the government to ensure a tolerant co-existence of ethnic groups and a favorable environment for religious associations."""""""""""""""""""""""""""""""	"""""""""""""""ਕਜ਼ਾਕਿਸਤਾਨ ਦੀ ਕਾਂਗਰਸ ਦੀ ਮੇਜ਼ਬਾਨੀ, ਵਿਸ਼ਲੇਸ਼ਕ ਰੋਮਨ ਮੁਜ਼ਾਲੈਵਸਕੀ ਦੇ ਸ਼ਬਦਾਂ ਵਿੱਚ, """"""""""""""""ਨਸਲੀ ਸਮੂਹਾਂ ਦੀ ਸਹਿਣਸ਼ੀਲ ਸਹਿ-ਮੌਜੂਦਗੀ ਅਤੇ ਧਾਰਮਿਕ ਸੰਗਠਨਾਂ ਦੇ ਅਨੁਕੂਲ ਵਾਤਾਵਰਣ ਨੂੰ ਯਕੀਨੀ ਬਣਾਉਣ ਲਈ ਸਰਕਾਰ ਉੱਤੇ ਜ਼ਿੰਮੇਵਾਰੀਆਂ ਰੱਖਦੀ ਹੈ।"""""""""""""""	0.92467237	True	True	"""ਕਜ਼ਾਖਸਤਾਨ ਕਾਂਗਰਸ ਦਾ ਆਯੋਜਨ ਕਿਤਾਬਕਾਰ ਰੋਮਾਨ ਮੁਜ਼ਾਲੇਵਸਕੀ ਦੇ ਸ਼ਬਦਾਂ ਵਿੱਚ, """"""""ਸਰਕਾਰ ਤੇ ਜ਼ਿਮਮੇ ਪੇਸ਼ ਕਰਦਾ ਹੈ ਕਿ ਜਾਤੀ ਸਮੂਹਾਂ ਦਾ ਸਹਿਸਨਿਵੇਸ਼ ਅਤੇ ਧਾਰਮਿਕ ਸੰਸਥਾਵਾਂ ਲਈ ਇੱਕ ਸਹਿਯੋਗੀ ਮਾਹੌਲ ਨੂੰ ਯਕੀਨੀ ਬਣਾਉਣ ਲਈ ਜ਼ਿਮਮੇ ਪੇਸ਼ ਕਰਦਾ ਹੈ।"""""""""""""""""""	"""ਕਜ਼ਾਖਸਤਾਨ ਦੁਆਰਾ ਕਾਂਗਰਸ ਦੀ ਮੇਜ਼ਬਾਨੀ ਕਰਨਾ, ਵਿਸ਼ਲੇਸ਼ਕ ਰੋਮਨ ਮੁਜ਼ਾਲੇਵਸਕੀ ਦੇ ਸ਼ਬਦਾਂ ਵਿੱਚ, """"""""""""""""""""ਸਰਕਾਰ 'ਤੇ ਨਸਲੀ ਸਮੂਹਾਂ ਦੀ ਸਹਿਣਸ਼ੀਲ ਸਾਂਝ ਅਤੇ ਧਾਰਮਿਕ ਸੰਸਥਾਵਾਂ ਲਈ ਅਨੁਕੂਲ ਵਾਤਾਵਰਣ ਨੂੰ ਯਕੀਨੀ ਬਣਾਉਣ ਦੀ ਜ਼ਿੰਮੇਵਾਰੀ ਰੱਖਦਾ ਹੈ।"""""""""""""""""""""""""""""""	"""""""ਕਜ਼ਾਖਸਤਾਨ ਦੇ ਕਾਂਗਰਸ ਦੀ ਮੇਜ਼ਬਾਨੀ, ਵਿਸ਼ਲੇਸ਼ਕ ਰੋਮਨ ਮੁਜ਼ਾਲੇਵਸਕੀ ਦੇ ਸ਼ਬਦਾਂ ਵਿੱਚ, """"""""ਸਰਕਾਰ ਉੱਤੇ ਨਸਲੀ ਸਮੂਹਾਂ ਦੇ ਸਹਿਣਸ਼ੀਲ ਸਹਿਮਤ ਅਤੇ ਧਾਰਮਿਕ ਸੰਗਠਨਾਂ ਲਈ ਅਨੁਕੂਲ ਵਾਤਾਵਰਨ ਯਕੀਨੀ ਬਣਾਉਣ ਦੀ ਜ਼ਿੰਮੇਵਾਰੀ ਲਗਾਉਂਦੀ ਹੈ।"""""""""""""""	0.31	0.54	0.37
1338	[[0.9202887]]	Under your leadership, our relationship has touched new milestones.	ਤੁਹਾਡੀ ਅਗਵਾਈ ਵਿੱਚ ਸਾਡੇ ਸਬੰਧਾਂ ਨੇ ਨਵੇਂ ਮੀਲ ਪੱਥਰ ਛੋਹੇ ਹਨ।	0.9202887	True	True	ਤੁਹਾਡੀ ਸਰਗਰਮੀ ਵਿੱਚ, ਸਾਡੇ ਨਾਤੇ ਨਵੇਂ ਲੰਮਾਣ ਛੂ ਗਏ ਹਨ।	ਤੁਹਾਡੇ ਨੇਤ੍ਰਿਤਵ ਹੇਠ, ਸਾਡੇ ਸੰਬੰਧ ਨੇ ਨਵੇਂ ਮੀਲ ਪੱਥਰ ਛੂਹੇ ਹਨ।	ਤੁਹਾਡੇ ਨੇਤ੃ਤਵ ਅਧੀਨ, ਸਾਡੇ ਰਿਸ਼ਤੇ ਨੇ ਨਵੇਂ ਮੀਲ ਪੱਥਰ ਛੂਹ ਲਏ ਹਨ।	0.0	0.23	0.21
1373	[[0.9060378]]	Apart from these leaders, the Congress also hinted at forging a pre-poll alliance with Sharad Pawar-led NCP and bringing on board Chhotu Vasava, the lone JD(U) MLA from the state.	ਇਨ੍ਹਾਂ ਆਗੂਆਂ ਤੋਂ ਇਲਾਵਾ ਕਾਂਗਰਸ ਨੇ ਸ਼ਰਦ ਪਵਾਰ ਦੀ ਅਗਵਾਈ ਵਾਲੀ ਐਨਸੀਪੀ ਨਾਲ ਚੋਣਾਂ ਤੋਂ ਪਹਿਲਾਂ ਗੱਠਜੋੜ ਕਰਨ ਅਤੇ ਇਸ ਸੂਬੇ ਤੋਂ ਜੇਡੀ(ਯੂ) ਦੇ ਇਕਲੌਤੇ ਵਿਧਾਇਕ ਛੋਟੂ ਵਸਾਵਾ ਨੂੰ ਨਾਲ ਲਿਆਉਣ ਦਾ ਸੰਕੇਤ ਵੀ ਦਿੱਤਾ ਹੈ।	0.9060378	True	True	ਇਹ ਨੇਤਾਵਾਂ ਤੋਂ ਇਲਾਵਾ, ਕਾਂਗਰਸ ਨੇ ਸ਼ਰਦ ਪਵਾਰ-ਨਿਰਦੇਸ਼ਿਤ ਐਨਸੀਪੀ ਨਾਲ ਇੱਕ ਪੂਰਵ-ਪੋਲ ਗਠਜੋੜ ਬਣਾਉਣ ਦੀ ਸੂਚਨਾ ਦਿੱਤੀ ਅਤੇ ਛੋਟੂ ਵਾਸਵਾ ਨੂੰ ਵੀ ਇਸ ਗ੍ਰਿਹ ਨੂੰ ਲਾਉਣ ਦੇ ਲਈ ਪ੍ਰਸਤਾਵ ਦਿੱਤਾ।	ਇਨ੍ਹਾਂ ਨੇਤਾਵਾਂ ਤੋਂ ਇਲਾਵਾ, ਕਾਂਗਰਸ ਨੇ ਚੋਣਾਂ ਤੋਂ ਪਹਿਲਾਂ ਸ਼ਰਦ ਪਵਾਰ ਦੀ ਅਗਵਾਈ ਵਾਲੀ NCP ਨਾਲ ਗਠਜੋੜ ਕਰਨ ਅਤੇ ਰਾਜ ਦੇ ਇਕਲੌਤੇ JD(U) ਵਿਧਾਇਕ ਛੋਟੂ ਵਸਾਵਾ ਨੂੰ ਸ਼ਾਮਲ ਕਰਨ ਦਾ ਸੰਕੇਤ ਵੀ ਦਿੱਤਾ।	ਇਨ੍ਹਾਂ ਆਗੂਆਂ ਤੋਂ ਇਲਾਵਾ, ਕਾਂਗਰਸ ਨੇ ਸ਼ਰਦ ਪਵਾਰ ਅਗਵਾਈ ਵਾਲੀ ਐਨਸੀਪੀ ਨਾਲ ਪ੍ਰੀ-ਪੋਲ ਗਠਜੋੜ ਬਣਾਉਣ ਅਤੇ ਰਾਜ ਦੇ ਜੇਡੀਯੂ ਵਿਧਾਇਕ ਛੋਟੂ ਵਸਾਵਾ ਨੂੰ ਬੋਰਡ ਤੇ ਲਿਆਉਣ ਦਾ ਸੰਕੇਤ ਦਿੱਤਾ।	0.0	0.22	0.22
1377	[[0.9436638]]	Then rinse with cool water.	ਫਿਰ ਇਸ ਨੂੰ ਠੰਡੇ ਪਾਣੀ ਦੇ ਨਾਲ ਧੋ ਲਓ।	0.9436638	False	True	ਫੇਰ ਠੰਡੇ ਪਾਣੀ ਨਾਲ ਧੋਵੋ।	ਫਿਰ ਠੰਡੇ ਪਾਣੀ ਨਾਲ ਕੂਲ੍ਹ ਕਰੋ।	ਫਿਰ ਠੰਡੇ ਪਾਣੀ ਨਾਲ ਧੋਂਦਾ ਹੈ।	0.0	0.0	0.0
1396	[[0.93728554]]	Remaining districts were covered under ALP in 2016.	ਬਾਕੀ ਜ਼ਿਲ੍ਹਿਆਂ ਨੂੰ 2016 ਵਿੱਚ ਏਐੱਲਪੀ ਤਹਿਤ ਕਵਰ ਕੀਤਾ ਗਿਆ ।	0.93728554	False	True	ਬਾਕੀ ਜ਼ਿਲ੍ਹੇ 2016 ਵਿੱਚ ALP ਦੇ ਅਧੀਨ ਕਵਰ ਕੀਤੇ ਗਏ ਸਨ।	ਬਾਕੀ ਜ਼ਿਲ੍ਹੇ 2016 ਵਿੱਚ ALP ਤਹਿਤ ਕਵਰ ਕੀਤੇ ਗਏ ਸਨ।	ਬਾਕੀ ਜ਼ਿਲੇ 2016 ਵਿੱਚ ਏਐਲਪੀ ਅਧੀਨ ਆਏ ਸਨ।	0.0	0.0	0.0
1414	[[0.90297973]]	The project aimed at providing the water and soil testing services to the farmers at their doorsteps, providing soil health cards to all 15.28 lakh farming families in the state with crop specific fertilizer recommendations and preparing soil fertility maps of all the districts in order to improve soil health and also to increase the productivity of crops.	ਯੋਜਨਾ ਦਾ ਉਦੇਸ਼ ਰਾਜ ਦੇ ਕਿਸਾਨਾਂ ਨੂੰ ਉਨ੍ਹਾਂ ਦੇ ਘਰਾਂ ਨੇੜੇ ਪਾਣੀ ਅਤੇ ਮਿੱਟੀ ਜਾਂਚ ਸੇਵਾਵਾਂ ਉਪਲੱਬਧ ਕਰਵਾਉਣਾ, ਰਾਜ ਦੇ ਸਾਰੇ 15.28 ਲੱਖ ਕਿਸਾਨ ਪਰਿਵਾਰਾਂ ਨੂੰ ਫਸਲ, ਵਧੀਆ ਖਾਦ ਸਿਫਾਰਸ਼ਾਂ ਨਾਲ ਮਿੱਟੀ ਸਿਹਤ ਕਾਰਡ ਉਪਲੱਬਧ ਕਰਵਾਉਣ ਅਤੇ ਮਿੱਟੀ ਸਿਹਤ ਵਿੱਚ ਸੁਧਾਰ ਲਿਆਉਣ ਅਤੇ ਫਸਲਾਂ ਦੀ ਉਤਪਾਦਕਤਾ ਵਧਾਉਣ ਲਈ ਸਾਰੇ ਜ਼ਿਲ੍ਹਿਆਂ ਦੇ ਮਿੱਟੀ ਖਾਦ ਨਕਸ਼ੇ ਤਿਆਰ ਕਰਨਾ ਹੈ।	0.90297973	True	True	ਇਹ ਪਰਿਯੋਜਨਾ ਕਿਸਾਨਾਂ ਨੂੰ ਉਨ੍ਹਾਂ ਦੇ ਘਰ ਦੇ ਦਰਵਾਜੇ 'ਤੇ ਪਾਣੀ ਅਤੇ ਮਿੱਟੀ ਦੀ ਟੈਸਟਿੰਗ ਸਰਵਿਸ ਮੁਹੱਈਆ ਕਰਨ ਦੇ ਲਈ ਨਿਸ਼ਾਨਾ ਬਣਾਇਆ ਗਿਆ ਸੀ, ਰੋਜ਼ਾਨਾ 15.28 ਲੱਖ ਕਿਸਾਨ ਪਰਿਵਾਰਾਂ ਨੂੰ ਮਿੱਟੀ ਦੀ ਸਿਹਤ ਕਾਰਡਾਂ ਮੁਹੱਈਆ ਕਰਨਾ, ਫਸਲ ਵਿਸ਼ੇਸ਼ ਖਾਦ ਸਿਫਾਰਸ਼ਾਂ ਨਾਲ ਸਾਰੇ ਜ਼ਿਲ੍ਹੇ ਦੇ ਮਿੱਟੀ ਦੇ ਸੁਸ਼ਿਕਤਾ ਨਕਸ਼ਿਆਂ ਤਿਆਰ ਕਰਨਾ ਅਤੇ ਮਿੱਟੀ ਦੀ ਸਿਹਤ ਨੂੰ ਸੁਧਾਰਨ ਲਈ ਅਤੇ ਫਸਲਾਂ ਦੀ ਉਤਪਾਦਨਤਾ ਵਧਾਉਣ ਲਈ ਸਭ ਜ਼ਿਲ੍ਹਿਆਂ ਦੇ ਮਿੱਟੀ ਦੀ ਸੁਸ਼ਿਕਤਾ ਨਾਪਾਂ ਤਿਆਰ ਕਰਨਾ।	ਪਰਿਯੋਜਨਾ ਦਾ ਉਦੇਸ਼ ਕਿਸਾਨਾਂ ਨੂੰ ਉਨ੍ਹਾਂ ਦੇ ਘਰਾਂ ਦੇ ਦਰਵਾਜੇ 'ਤੇ ਪਾਣੀ ਅਤੇ ਮਿੱਟੀ ਦੀ ਜਾਂਚ ਸੇਵਾਵਾਂ ਪ੍ਰਦਾਨ ਕਰਨਾ ਸੀ, ਰਾਜ ਦੀਆਂ ਸਾਰੀਆਂ 15.28 ਲੱਖ ਕਿਸਾਨ ਪਰਿਵਾਰਾਂ ਨੂੰ ਮਿੱਟੀ ਦੇ ਸਿਹਤ ਕਾਰਡ ਪ੍ਰਦਾਨ ਕਰਨਾ, ਫਸਲ ਵਿਸ਼ੇਸ਼ ਖਾਦ ਸਿਫਾਰਸ਼ਾਂ ਦੇ ਨਾਲ ਅਤੇ ਮਿੱਟੀ ਦੀ ਸਿਹਤ ਨੂੰ ਸੁਧਾਰਨ ਲਈ ਸਾਰੇ ਜ਼ਿਲ੍ਹਿਆਂ ਦੇ ਮਿੱਟੀ ਉਰਵਰਤਾ ਨਕਸ਼ੇ ਤਿਆਰ ਕਰਨਾ ਅਤੇ ਫਸਲਾਂ ਦੀ ਉਤਪਾਦਨਸ਼ੀਲਤਾ ਨੂੰ ਵਧਾਉਣਾ ਸੀ।	ਪਰੋਜੈਕਟ ਦਾ ਉਦੇਸ਼ ਕਿਸਾਨਾਂ ਨੂੰ ਉਨ੍ਹਾਂ ਦੇ ਦਰਵਾਜ਼ੇ ਤੱਕ ਪਾਣੀ ਅਤੇ ਮਿੱਟੀ ਟੈਸਟਿੰਗ ਸੇਵਾਵਾਂ ਪ੍ਰਦਾਨ ਕਰਨਾ ਸੀ, ਰਾਜ ਵਿੱਚ ਸਾਰੇ 15.28 ਲੱਖ ਖੇਤੀਬਾੜੀ ਪਰਿਵਾਰਾਂ ਨੂੰ ਫਸਲ ਵਿਸ਼ੇਸ਼ ਖਾਦ ਸਿਫਾਰਸ਼ਾਂ ਨਾਲ ਮਿੱਟੀ ਸਿਹਤ ਕਾਰਡ ਪ੍ਰਦਾਨ ਕਰਨਾ ਅਤੇ ਸਾਰੇ ਜ਼ਿਲ੍ਹਿਆਂ ਦੇ ਮਿੱਟੀ ਉਪਜਾਊ ਨਕਸ਼ੇ ਤਿਆਰ ਕਰਨਾ ਸੀ ਤਾਂ ਜੋ ਮਿੱਟੀ ਦੀ ਸਿਹਤ ਵਧਾਈ ਜਾ ਸਕੇ ਅਤੇ ਫਸਲਾਂ ਦੀ ਉਪਜਾਊ ਵਧਾਈ ਜਾ ਸਕੇ।	0.15	0.2	0.16
